DRG #,DRG description,CHARGE PER CASE
DRG 3,"ECMO OR TRACH W MV >96 HRS OR PDX EXC FACE, MOUTH & NECK W MAJ O.R.","$632,911.05 "
DRG 4,"TRACH W MV >96 HRS OR PDX EXC FACE, MOUTH & NECK W/O MAJ O.R.","$233,656.02 "
DRG 11,"TRACHEOSTOMY FOR FACE, MOUTH & NECK DIAGNOSES OR LARYNGECTOMY W MCC","$113,575.44 "
DRG 12,"TRACHEOSTOMY FOR FACE, MOUTH & NECK DIAGNOSES OR LARYNGECTOMY W CC","$73,245.27 "
DRG 13,"TRACHEOSTOMY FOR FACE, MOUTH & NECK DIAGNOSES OR LARYNGECTOMY W/O CC/MCC","$75,520.15 "
DRG 23,CRANIOTOMY W MAJOR DEVICE IMPLANT OR ACUTE COMPLEX CNS PDX W MCC OR CHEMOTHERAPY,"$133,200.55 "
DRG 24,CRANIO W MAJOR DEV IMPL/ACUTE COMPLEX CNS PDX W/O MCC,"$47,439.00 "
DRG 25,CRANIOTOMY & ENDOVASCULAR INTRACRANIAL PROCEDURES W MCC,"$156,249.65 "
DRG 26,CRANIOTOMY & ENDOVASCULAR INTRACRANIAL PROCEDURES W CC,"$92,793.23 "
DRG 27,CRANIOTOMY & ENDOVASCULAR INTRACRANIAL PROCEDURES W/O CC/MCC,"$71,852.40 "
DRG 28,SPINAL PROCEDURES W MCC,"$198,732.45 "
DRG 29,SPINAL PROCEDURES W CC OR SPINAL NEUROSTIMULATORS,"$62,397.86 "
DRG 30,SPINAL PROCEDURES W/O CC/MCC,"$103,728.04 "
DRG 32,VENTRICULAR SHUNT PROCEDURES W CC,"$55,425.10 "
DRG 33,VENTRICULAR SHUNT PROCEDURES W/O CC/MCC,"$56,092.35 "
DRG 35,CAROTID ARTERY STENT PROCEDURE W CC,"$98,633.39 "
DRG 36,CAROTID ARTERY STENT PROCEDURE W/O CC/MCC,"$53,330.20 "
DRG 38,EXTRACRANIAL PROCEDURES W CC,"$50,585.79 "
DRG 39,EXTRACRANIAL PROCEDURES W/O CC/MCC,"$46,291.27 "
DRG 41,PERIPH/CRANIAL NERVE & OTHER NERV SYST PROC W CC OR PERIPH NEUROSTIM,"$64,023.51 "
DRG 52,SPINAL DISORDERS & INJURIES W CC/MCC,"$115,874.81 "
DRG 53,SPINAL DISORDERS & INJURIES W/O CC/MCC,"$4,683.59 "
DRG 54,NERVOUS SYSTEM NEOPLASMS W MCC,"$41,787.39 "
DRG 55,NERVOUS SYSTEM NEOPLASMS W/O MCC,"$31,120.30 "
DRG 56,DEGENERATIVE NERVOUS SYSTEM DISORDERS W MCC,"$59,808.74 "
DRG 57,DEGENERATIVE NERVOUS SYSTEM DISORDERS W/O MCC,"$43,619.89 "
DRG 59,MULTIPLE SCLEROSIS & CEREBELLAR ATAXIA W CC,"$32,463.08 "
DRG 60,MULTIPLE SCLEROSIS & CEREBELLAR ATAXIA W/O CC/MCC,"$38,546.67 "
DRG 61,"ISCHEMIC STROKE, PRECEREBRAL OCCLUSION OR TRANSIENT ISCHEMIA W THROMBOLYTIC AGEN","$86,673.92 "
DRG 62,"ISCHEMIC STROKE, PRECEREBRAL OCCLUSION OR TRANSIENT ISCHEMIA W THROMBOLYTIC AGEN","$68,006.10 "
DRG 63,"ISCHEMIC STROKE, PRECEREBRAL OCCLUSION OR TRANSIENT ISCHEMIA W THROMBOLYTIC AGEN","$64,773.08 "
DRG 64,INTRACRANIAL HEMORRHAGE OR CEREBRAL INFARCTION W MCC,"$57,849.61 "
DRG 65,INTRACRANIAL HEMORRHAGE OR CEREBRAL INFARCTION W CC OR TPA IN 24 HRS,"$44,912.88 "
DRG 66,INTRACRANIAL HEMORRHAGE OR CEREBRAL INFARCTION W/O CC/MCC,"$32,508.50 "
DRG 68,NONSPECIFIC CVA & PRECEREBRAL OCCLUSION W/O INFARCT W/O MCC,"$32,490.97 "
DRG 69,TRANSIENT ISCHEMIA W/O THROMBOLYTIC,"$33,868.53 "
DRG 70,NONSPECIFIC CEREBROVASCULAR DISORDERS W MCC,"$70,859.95 "
DRG 71,NONSPECIFIC CEREBROVASCULAR DISORDERS W CC,"$43,213.26 "
DRG 72,NONSPECIFIC CEREBROVASCULAR DISORDERS W/O CC/MCC,"$21,282.83 "
DRG 73,CRANIAL & PERIPHERAL NERVE DISORDERS W MCC,"$57,831.83 "
DRG 74,CRANIAL & PERIPHERAL NERVE DISORDERS W/O MCC,"$34,080.40 "
DRG 75,VIRAL MENINGITIS W CC/MCC,"$29,459.35 "
DRG 76,VIRAL MENINGITIS W/O CC/MCC,"$22,367.40 "
DRG 77,HYPERTENSIVE ENCEPHALOPATHY W MCC,"$47,968.73 "
DRG 80,NONTRAUMATIC STUPOR & COMA W MCC,"$28,128.33 "
DRG 81,NONTRAUMATIC STUPOR & COMA W/O MCC,"$34,354.30 "
DRG 82,"TRAUMATIC STUPOR & COMA, COMA >1 HR W MCC","$54,984.96 "
DRG 83,"TRAUMATIC STUPOR & COMA, COMA >1 HR W CC","$32,541.21 "
DRG 84,"TRAUMATIC STUPOR & COMA, COMA >1 HR W/O CC/MCC","$31,032.99 "
DRG 85,"TRAUMATIC STUPOR & COMA, COMA <1 HR W MCC","$49,843.09 "
DRG 86,"TRAUMATIC STUPOR & COMA, COMA <1 HR W CC","$51,806.71 "
DRG 87,"TRAUMATIC STUPOR & COMA, COMA <1 HR W/O CC/MCC","$26,372.69 "
DRG 90,CONCUSSION W/O CC/MCC,"$32,847.53 "
DRG 91,OTHER DISORDERS OF NERVOUS SYSTEM W MCC,"$30,967.43 "
DRG 92,OTHER DISORDERS OF NERVOUS SYSTEM W CC,"$46,071.66 "
DRG 93,OTHER DISORDERS OF NERVOUS SYSTEM W/O CC/MCC,"$26,741.15 "
DRG 95,BACTERIAL & TUBERCULOUS INFECTIONS OF NERVOUS SYSTEM W CC,"$127,485.36 "
DRG 96,BACTERIAL & TUBERCULOUS INFECTIONS OF NERVOUS SYSTEM W/O CC/MCC,"$57,705.75 "
DRG 97,NON-BACTERIAL INFECT OF NERVOUS SYS EXC VIRAL MENINGITIS W MCC,"$61,231.49 "
DRG 98,NON-BACTERIAL INFECT OF NERVOUS SYS EXC VIRAL MENINGITIS W CC,"$54,751.25 "
DRG 99,NON-BACTERIAL INFECT OF NERVOUS SYS EXC VIRAL MENINGITIS W/O CC/MCC,"$28,670.89 "
DRG 100,SEIZURES W MCC,"$67,603.42 "
DRG 101,SEIZURES W/O MCC,"$34,663.43 "
DRG 103,HEADACHES W/O MCC,"$37,742.31 "
DRG 117,INTRAOCULAR PROCEDURES W/O CC/MCC,"$49,477.88 "
DRG 123,NEUROLOGICAL EYE DISORDERS,"$31,136.26 "
DRG 125,OTHER DISORDERS OF THE EYE W/O MCC,"$14,181.29 "
DRG 129,MAJOR HEAD & NECK PROCEDURES W CC/MCC OR MAJOR DEVICE,"$40,625.11 "
DRG 130,MAJOR HEAD & NECK PROCEDURES W/O CC/MCC,"$43,590.28 "
DRG 131,CRANIAL/FACIAL PROCEDURES W CC/MCC,"$182,079.31 "
DRG 132,CRANIAL/FACIAL PROCEDURES W/O CC/MCC,"$55,885.70 "
DRG 133,"OTHER EAR, NOSE, MOUTH & THROAT O.R. PROCEDURES W CC/MCC","$112,583.38 "
DRG 134,"OTHER EAR, NOSE, MOUTH & THROAT O.R. PROCEDURES W/O CC/MCC","$43,496.42 "
DRG 137,MOUTH PROCEDURES W CC/MCC,"$37,929.90 "
DRG 138,MOUTH PROCEDURES W/O CC/MCC,"$35,573.93 "
DRG 149,DYSEQUILIBRIUM,"$21,816.21 "
DRG 151,EPISTAXIS W/O MCC,"$9,212.83 "
DRG 152,OTITIS MEDIA & URI W MCC,"$25,375.47 "
DRG 153,OTITIS MEDIA & URI W/O MCC,"$15,700.13 "
DRG 154,"OTHER EAR, NOSE, MOUTH & THROAT DIAGNOSES W MCC","$17,117.10 "
DRG 155,"OTHER EAR, NOSE, MOUTH & THROAT DIAGNOSES W CC","$33,793.99 "
DRG 156,"OTHER EAR, NOSE, MOUTH & THROAT DIAGNOSES W/O CC/MCC","$44,269.12 "
DRG 158,DENTAL & ORAL DISEASES W CC,"$28,487.04 "
DRG 159,DENTAL & ORAL DISEASES W/O CC/MCC,"$22,440.02 "
DRG 163,MAJOR CHEST PROCEDURES W MCC,"$160,467.53 "
DRG 164,MAJOR CHEST PROCEDURES W CC,"$104,865.21 "
DRG 165,MAJOR CHEST PROCEDURES W/O CC/MCC,"$93,290.67 "
DRG 166,OTHER RESP SYSTEM O.R. PROCEDURES W MCC,"$108,731.64 "
DRG 167,OTHER RESP SYSTEM O.R. PROCEDURES W CC,"$63,860.91 "
DRG 168,OTHER RESP SYSTEM O.R. PROCEDURES W/O CC/MCC,"$45,056.75 "
DRG 175,PULMONARY EMBOLISM W MCC OR ACUTE COR PULMONALE,"$54,715.32 "
DRG 176,PULMONARY EMBOLISM W/O MCC,"$29,622.65 "
DRG 177,RESPIRATORY INFECTIONS & INFLAMMATIONS W MCC,"$76,190.71 "
DRG 178,RESPIRATORY INFECTIONS & INFLAMMATIONS W CC,"$43,296.03 "
DRG 179,RESPIRATORY INFECTIONS & INFLAMMATIONS W/O CC/MCC,"$29,244.31 "
DRG 180,RESPIRATORY NEOPLASMS W MCC,"$68,932.27 "
DRG 181,RESPIRATORY NEOPLASMS W CC,"$50,349.99 "
DRG 182,RESPIRATORY NEOPLASMS W/O CC/MCC,"$33,484.70 "
DRG 183,MAJOR CHEST TRAUMA W MCC,"$69,750.72 "
DRG 184,MAJOR CHEST TRAUMA W CC,"$23,072.75 "
DRG 185,MAJOR CHEST TRAUMA W/O CC/MCC,"$16,395.90 "
DRG 186,PLEURAL EFFUSION W MCC,"$35,040.05 "
DRG 187,PLEURAL EFFUSION W CC,"$25,154.50 "
DRG 188,PLEURAL EFFUSION W/O CC/MCC,"$24,869.96 "
DRG 189,PULMONARY EDEMA & RESPIRATORY FAILURE,"$42,188.38 "
DRG 190,CHRONIC OBSTRUCTIVE PULMONARY DISEASE W MCC,"$39,351.65 "
DRG 191,CHRONIC OBSTRUCTIVE PULMONARY DISEASE W CC,"$31,473.17 "
DRG 192,CHRONIC OBSTRUCTIVE PULMONARY DISEASE W/O CC/MCC,"$25,353.44 "
DRG 193,SIMPLE PNEUMONIA & PLEURISY W MCC,"$49,393.23 "
DRG 194,SIMPLE PNEUMONIA & PLEURISY W CC,"$32,809.47 "
DRG 195,SIMPLE PNEUMONIA & PLEURISY W/O CC/MCC,"$20,675.40 "
DRG 196,INTERSTITIAL LUNG DISEASE W MCC,"$46,240.94 "
DRG 197,INTERSTITIAL LUNG DISEASE W CC,"$48,602.80 "
DRG 199,PNEUMOTHORAX W MCC,"$84,945.14 "
DRG 200,PNEUMOTHORAX W CC,"$51,418.56 "
DRG 201,PNEUMOTHORAX W/O CC/MCC,"$24,315.30 "
DRG 202,BRONCHITIS & ASTHMA W CC/MCC,"$21,737.05 "
DRG 203,BRONCHITIS & ASTHMA W/O CC/MCC,"$10,818.33 "
DRG 204,RESPIRATORY SIGNS & SYMPTOMS,"$13,704.89 "
DRG 205,OTHER RESPIRATORY SYSTEM DIAGNOSES W MCC,"$44,568.99 "
DRG 206,OTHER RESPIRATORY SYSTEM DIAGNOSES W/O MCC,"$24,523.37 "
DRG 207,RESPIRATORY SYSTEM DIAGNOSIS W VENTILATOR SUPPORT >96 HOURS,"$185,285.16 "
DRG 208,RESPIRATORY SYSTEM DIAGNOSIS W VENTILATOR SUPPORT <=96 HOURS,"$73,021.04 "
DRG 215,OTHER HEART ASSIST SYSTEM IMPLANT,"$362,594.02 "
DRG 216,CARDIAC VALVE & OTH MAJ CARDIOTHORACIC PROC W CARD CATH W MCC,"$373,891.20 "
DRG 219,CARDIAC VALVE & OTH MAJ CARDIOTHORACIC PROC W/O CARD CATH W MCC,"$417,741.94 "
DRG 220,CARDIAC VALVE & OTH MAJ CARDIOTHORACIC PROC W/O CARD CATH W CC,"$234,798.34 "
DRG 221,CARDIAC VALVE & OTH MAJ CARDIOTHORACIC PROC W/O CARD CATH W/O CC/MCC,"$161,633.00 "
DRG 223,CARDIAC DEFIB IMPLANT W CARDIAC CATH W AMI/HF/SHOCK W/O MCC,"$191,435.19 "
DRG 224,CARDIAC DEFIB IMPLANT W CARDIAC CATH W/O AMI/HF/SHOCK W MCC,"$323,218.41 "
DRG 225,CARDIAC DEFIB IMPLANT W CARDIAC CATH W/O AMI/HF/SHOCK W/O MCC,"$208,817.09 "
DRG 226,CARDIAC DEFIBRILLATOR IMPLANT W/O CARDIAC CATH W MCC,"$238,517.76 "
DRG 227,CARDIAC DEFIBRILLATOR IMPLANT W/O CARDIAC CATH W/O MCC,"$208,524.37 "
DRG 228,OTHER CARDIOTHORACIC PROCEDURES W MCC,"$221,933.13 "
DRG 229,OTHER CARDIOTHORACIC PROCEDURES W/O MCC,"$139,173.96 "
DRG 232,CORONARY BYPASS W PTCA W/O MCC,"$303,332.83 "
DRG 233,CORONARY BYPASS W CARDIAC CATH W MCC,"$296,998.10 "
DRG 234,CORONARY BYPASS W CARDIAC CATH W/O MCC,"$233,357.28 "
DRG 235,CORONARY BYPASS W/O CARDIAC CATH W MCC,"$282,307.04 "
DRG 236,CORONARY BYPASS W/O CARDIAC CATH W/O MCC,"$179,329.54 "
DRG 239,AMPUTATION FOR CIRC SYS DISORDERS EXC UPPER LIMB & TOE W MCC,"$156,535.12 "
DRG 240,AMPUTATION FOR CIRC SYS DISORDERS EXC UPPER LIMB & TOE W CC,"$52,885.58 "
DRG 242,PERMANENT CARDIAC PACEMAKER IMPLANT W MCC,"$153,772.42 "
DRG 243,PERMANENT CARDIAC PACEMAKER IMPLANT W CC,"$99,513.53 "
DRG 244,PERMANENT CARDIAC PACEMAKER IMPLANT W/O CC/MCC,"$90,345.08 "
DRG 245,AICD GENERATOR PROCEDURES,"$141,373.02 "
DRG 246,PERCUTANEOUS CARDIOVASCULAR PROCEDURES W DRUG-ELUTING STENT W MCC OR 4+ ARTERIES,"$113,479.78 "
DRG 247,PERC CARDIOVASC PROC W DRUG-ELUTING STENT W/O MCC,"$82,968.78 "
DRG 249,PERC CARDIOVASC PROC W NON-DRUG-ELUTING STENT W/O MCC,"$79,162.39 "
DRG 250,PERC CARDIOVASC PROC W/O CORONARY ARTERY STENT W MCC,"$99,598.73 "
DRG 251,PERC CARDIOVASC PROC W/O CORONARY ARTERY STENT W/O MCC,"$66,418.96 "
DRG 252,OTHER VASCULAR PROCEDURES W MCC,"$112,027.00 "
DRG 253,OTHER VASCULAR PROCEDURES W CC,"$105,771.05 "
DRG 254,OTHER VASCULAR PROCEDURES W/O CC/MCC,"$68,843.03 "
DRG 255,UPPER LIMB & TOE AMPUTATION FOR CIRC SYSTEM DISORDERS W MCC,"$90,294.72 "
DRG 256,UPPER LIMB & TOE AMPUTATION FOR CIRC SYSTEM DISORDERS W CC,"$44,832.05 "
DRG 258,CARDIAC PACEMAKER DEVICE REPLACEMENT W MCC,"$89,005.64 "
DRG 259,CARDIAC PACEMAKER DEVICE REPLACEMENT W/O MCC,"$56,808.01 "
DRG 260,CARDIAC PACEMAKER REVISION EXCEPT DEVICE REPLACEMENT W MCC,"$114,058.68 "
DRG 261,CARDIAC PACEMAKER REVISION EXCEPT DEVICE REPLACEMENT W CC,"$61,753.92 "
DRG 262,CARDIAC PACEMAKER REVISION EXCEPT DEVICE REPLACEMENT W/O CC/MCC,"$69,136.23 "
DRG 264,OTHER CIRCULATORY SYSTEM O.R. PROCEDURES,"$64,830.82 "
DRG 265,AICD LEAD PROCEDURES,"$35,210.93 "
DRG 266,ENDOVASCULAR CARDIAC VALVE REPLACEMENT & SUPPLEMENT PROCEDURES W MCC,"$321,182.37 "
DRG 267,ENDOVASCULAR CARDIAC VALVE REPLACEMENT & SUPPLEMENT PROCEDURES W/O MCC,"$214,114.89 "
DRG 268,AORTIC AND HEART ASSIST PROCEDURES EXCEPT PULSATION BALLOON W MCC,"$308,566.39 "
DRG 269,AORTIC AND HEART ASSIST PROCEDURES EXCEPT PULSATION BALLOON W/O MCC,"$190,789.27 "
DRG 270,OTHER MAJOR CARDIOVASCULAR PROCEDURES W MCC,"$215,934.72 "
DRG 271,OTHER MAJOR CARDIOVASCULAR PROCEDURES W CC,"$162,432.62 "
DRG 272,OTHER MAJOR CARDIOVASCULAR PROCEDURES W/O CC/MCC,"$139,208.45 "
DRG 274,PERCUTANEOUS INTRACARDIAC PROCEDURES W/O MCC,"$98,862.07 "
DRG 280,"ACUTE MYOCARDIAL INFARCTION, DISCHARGED ALIVE W MCC","$59,297.13 "
DRG 281,"ACUTE MYOCARDIAL INFARCTION, DISCHARGED ALIVE W CC","$47,508.01 "
DRG 282,"ACUTE MYOCARDIAL INFARCTION, DISCHARGED ALIVE W/O CC/MCC","$20,685.32 "
DRG 283,"ACUTE MYOCARDIAL INFARCTION, EXPIRED W MCC","$79,985.42 "
DRG 284,"ACUTE MYOCARDIAL INFARCTION, EXPIRED W CC","$41,317.12 "
DRG 285,"ACUTE MYOCARDIAL INFARCTION, EXPIRED W/O CC/MCC","$22,230.38 "
DRG 286,"CIRCULATORY DISORDERS EXCEPT AMI, W CARD CATH W MCC","$69,111.66 "
DRG 287,"CIRCULATORY DISORDERS EXCEPT AMI, W CARD CATH W/O MCC","$46,875.12 "
DRG 288,ACUTE & SUBACUTE ENDOCARDITIS W MCC,"$85,207.52 "
DRG 289,ACUTE & SUBACUTE ENDOCARDITIS W CC,"$68,020.34 "
DRG 291,HEART FAILURE & SHOCK W MCC,"$46,207.09 "
DRG 292,HEART FAILURE & SHOCK W CC,"$34,690.83 "
DRG 293,HEART FAILURE & SHOCK W/O CC/MCC,"$23,007.24 "
DRG 296,"CARDIAC ARREST, UNEXPLAINED W MCC","$76,353.66 "
DRG 299,PERIPHERAL VASCULAR DISORDERS W MCC,"$32,287.03 "
DRG 300,PERIPHERAL VASCULAR DISORDERS W CC,"$28,040.96 "
DRG 301,PERIPHERAL VASCULAR DISORDERS W/O CC/MCC,"$28,942.21 "
DRG 303,ATHEROSCLEROSIS W/O MCC,"$34,402.14 "
DRG 304,HYPERTENSION W MCC,"$38,034.36 "
DRG 305,HYPERTENSION W/O MCC,"$28,733.16 "
DRG 306,CARDIAC CONGENITAL & VALVULAR DISORDERS W MCC,"$60,249.43 "
DRG 307,CARDIAC CONGENITAL & VALVULAR DISORDERS W/O MCC,"$19,237.47 "
DRG 308,CARDIAC ARRHYTHMIA & CONDUCTION DISORDERS W MCC,"$49,211.24 "
DRG 309,CARDIAC ARRHYTHMIA & CONDUCTION DISORDERS W CC,"$30,254.52 "
DRG 310,CARDIAC ARRHYTHMIA & CONDUCTION DISORDERS W/O CC/MCC,"$23,830.18 "
DRG 311,ANGINA PECTORIS,"$14,639.63 "
DRG 312,SYNCOPE & COLLAPSE,"$28,588.48 "
DRG 313,CHEST PAIN,"$21,420.80 "
DRG 314,OTHER CIRCULATORY SYSTEM DIAGNOSES W MCC,"$60,171.13 "
DRG 315,OTHER CIRCULATORY SYSTEM DIAGNOSES W CC,"$29,436.29 "
DRG 316,OTHER CIRCULATORY SYSTEM DIAGNOSES W/O CC/MCC,"$23,103.91 "
DRG 326,"STOMACH, ESOPHAGEAL & DUODENAL PROC W MCC","$66,372.75 "
DRG 327,"STOMACH, ESOPHAGEAL & DUODENAL PROC W CC","$84,594.04 "
DRG 328,"STOMACH, ESOPHAGEAL & DUODENAL PROC W/O CC/MCC","$40,162.62 "
DRG 329,MAJOR SMALL & LARGE BOWEL PROCEDURES W MCC,"$141,421.19 "
DRG 330,MAJOR SMALL & LARGE BOWEL PROCEDURES W CC,"$80,334.85 "
DRG 331,MAJOR SMALL & LARGE BOWEL PROCEDURES W/O CC/MCC,"$55,837.59 "
DRG 335,PERITONEAL ADHESIOLYSIS W MCC,"$23,049.20 "
DRG 336,PERITONEAL ADHESIOLYSIS W CC,"$47,520.35 "
DRG 337,PERITONEAL ADHESIOLYSIS W/O CC/MCC,"$49,567.51 "
DRG 338,APPENDECTOMY W COMPLICATED PRINCIPAL DIAG W MCC,"$90,167.49 "
DRG 339,APPENDECTOMY W COMPLICATED PRINCIPAL DIAG W CC,"$45,243.02 "
DRG 340,APPENDECTOMY W COMPLICATED PRINCIPAL DIAG W/O CC/MCC,"$37,839.11 "
DRG 342,APPENDECTOMY W/O COMPLICATED PRINCIPAL DIAG W CC,"$44,718.25 "
DRG 343,APPENDECTOMY W/O COMPLICATED PRINCIPAL DIAG W/O CC/MCC,"$29,836.02 "
DRG 345,MINOR SMALL & LARGE BOWEL PROCEDURES W CC,"$42,125.19 "
DRG 346,MINOR SMALL & LARGE BOWEL PROCEDURES W/O CC/MCC,"$50,008.47 "
DRG 348,ANAL & STOMAL PROCEDURES W CC,"$47,666.22 "
DRG 349,ANAL & STOMAL PROCEDURES W/O CC/MCC,"$43,790.36 "
DRG 350,INGUINAL & FEMORAL HERNIA PROCEDURES W MCC,"$45,920.58 "
DRG 351,INGUINAL & FEMORAL HERNIA PROCEDURES W CC,"$73,529.53 "
DRG 354,HERNIA PROCEDURES EXCEPT INGUINAL & FEMORAL W CC,"$41,410.78 "
DRG 355,HERNIA PROCEDURES EXCEPT INGUINAL & FEMORAL W/O CC/MCC,"$33,634.57 "
DRG 356,OTHER DIGESTIVE SYSTEM O.R. PROCEDURES W MCC,"$105,383.02 "
DRG 357,OTHER DIGESTIVE SYSTEM O.R. PROCEDURES W CC,"$43,945.17 "
DRG 358,OTHER DIGESTIVE SYSTEM O.R. PROCEDURES W/O CC/MCC,"$25,525.93 "
DRG 371,MAJOR GASTROINTESTINAL DISORDERS & PERITONEAL INFECTIONS W MCC,"$73,130.42 "
DRG 372,MAJOR GASTROINTESTINAL DISORDERS & PERITONEAL INFECTIONS W CC,"$40,145.45 "
DRG 373,MAJOR GASTROINTESTINAL DISORDERS & PERITONEAL INFECTIONS W/O CC/MCC,"$26,370.99 "
DRG 374,DIGESTIVE MALIGNANCY W MCC,"$53,402.57 "
DRG 375,DIGESTIVE MALIGNANCY W CC,"$60,159.65 "
DRG 377,G.I. HEMORRHAGE W MCC,"$52,936.72 "
DRG 378,G.I. HEMORRHAGE W CC,"$31,248.14 "
DRG 379,G.I. HEMORRHAGE W/O CC/MCC,"$27,338.57 "
DRG 380,COMPLICATED PEPTIC ULCER W MCC,"$84,550.57 "
DRG 381,COMPLICATED PEPTIC ULCER W CC,"$26,029.77 "
DRG 382,COMPLICATED PEPTIC ULCER W/O CC/MCC,"$21,131.79 "
DRG 383,UNCOMPLICATED PEPTIC ULCER W MCC,"$57,583.62 "
DRG 384,UNCOMPLICATED PEPTIC ULCER W/O MCC,"$44,417.28 "
DRG 385,INFLAMMATORY BOWEL DISEASE W MCC,"$27,852.70 "
DRG 386,INFLAMMATORY BOWEL DISEASE W CC,"$22,840.93 "
DRG 387,INFLAMMATORY BOWEL DISEASE W/O CC/MCC,"$20,252.33 "
DRG 388,G.I. OBSTRUCTION W MCC,"$31,533.94 "
DRG 389,G.I. OBSTRUCTION W CC,"$24,555.32 "
DRG 390,G.I. OBSTRUCTION W/O CC/MCC,"$21,041.42 "
DRG 391,"ESOPHAGITIS, GASTROENT & MISC DIGEST DISORDERS W MCC","$57,785.53 "
DRG 392,"ESOPHAGITIS, GASTROENT & MISC DIGEST DISORDERS W/O MCC","$26,714.17 "
DRG 393,OTHER DIGESTIVE SYSTEM DIAGNOSES W MCC,"$46,037.78 "
DRG 394,OTHER DIGESTIVE SYSTEM DIAGNOSES W CC,"$41,124.05 "
DRG 395,OTHER DIGESTIVE SYSTEM DIAGNOSES W/O CC/MCC,"$27,805.06 "
DRG 406,"PANCREAS, LIVER & SHUNT PROCEDURES W CC","$99,733.61 "
DRG 408,BILIARY TRACT PROC EXCEPT ONLY CHOLECYST W OR W/O C.D.E. W MCC,"$298,357.74 "
DRG 410,BILIARY TRACT PROC EXCEPT ONLY CHOLECYST W OR W/O C.D.E. W/O CC/MCC,"$50,658.89 "
DRG 414,CHOLECYSTECTOMY EXCEPT BY LAPAROSCOPE W/O C.D.E. W MCC,"$88,908.73 "
DRG 415,CHOLECYSTECTOMY EXCEPT BY LAPAROSCOPE W/O C.D.E. W CC,"$51,455.95 "
DRG 416,CHOLECYSTECTOMY EXCEPT BY LAPAROSCOPE W/O C.D.E. W/O CC/MCC,"$43,263.23 "
DRG 417,LAPAROSCOPIC CHOLECYSTECTOMY W/O C.D.E. W MCC,"$87,701.67 "
DRG 418,LAPAROSCOPIC CHOLECYSTECTOMY W/O C.D.E. W CC,"$42,482.98 "
DRG 419,LAPAROSCOPIC CHOLECYSTECTOMY W/O C.D.E. W/O CC/MCC,"$39,793.73 "
DRG 420,HEPATOBILIARY DIAGNOSTIC PROCEDURES W MCC,"$31,615.47 "
DRG 424,OTHER HEPATOBILIARY OR PANCREAS O.R. PROCEDURES W CC,"$98,159.02 "
DRG 432,CIRRHOSIS & ALCOHOLIC HEPATITIS W MCC,"$49,220.94 "
DRG 433,CIRRHOSIS & ALCOHOLIC HEPATITIS W CC,"$31,205.76 "
DRG 435,MALIGNANCY OF HEPATOBILIARY SYSTEM OR PANCREAS W MCC,"$50,288.51 "
DRG 436,MALIGNANCY OF HEPATOBILIARY SYSTEM OR PANCREAS W CC,"$42,445.42 "
DRG 437,MALIGNANCY OF HEPATOBILIARY SYSTEM OR PANCREAS W/O CC/MCC,"$26,295.12 "
DRG 438,DISORDERS OF PANCREAS EXCEPT MALIGNANCY W MCC,"$62,327.76 "
DRG 439,DISORDERS OF PANCREAS EXCEPT MALIGNANCY W CC,"$35,190.67 "
DRG 440,DISORDERS OF PANCREAS EXCEPT MALIGNANCY W/O CC/MCC,"$21,342.84 "
DRG 441,"DISORDERS OF LIVER EXCEPT MALIG, CIRR, ALC HEPA W MCC","$37,952.00 "
DRG 442,"DISORDERS OF LIVER EXCEPT MALIG, CIRR, ALC HEPA W CC","$26,536.65 "
DRG 443,"DISORDERS OF LIVER EXCEPT MALIG, CIRR, ALC HEPA W/O CC/MCC","$21,767.52 "
DRG 444,DISORDERS OF THE BILIARY TRACT W MCC,"$46,117.74 "
DRG 445,DISORDERS OF THE BILIARY TRACT W CC,"$33,218.88 "
DRG 446,DISORDERS OF THE BILIARY TRACT W/O CC/MCC,"$28,512.99 "
DRG 453,COMBINED ANTERIOR/POSTERIOR SPINAL FUSION W MCC,"$352,629.12 "
DRG 454,COMBINED ANTERIOR/POSTERIOR SPINAL FUSION W CC,"$179,334.42 "
DRG 455,COMBINED ANTERIOR/POSTERIOR SPINAL FUSION W/O CC/MCC,"$170,546.72 "
DRG 457,SPINAL FUS EXC CERV W SPINAL CURV/MALIG/INFEC OR EXT FUS W CC,"$357,619.63 "
DRG 460,SPINAL FUSION EXCEPT CERVICAL W/O MCC,"$167,825.24 "
DRG 462,BILATERAL OR MULTIPLE MAJOR JOINT PROCS OF LOWER EXTREMITY W/O MCC,"$114,258.80 "
DRG 464,"WND DEBRID & SKN GRFT EXC HAND, FOR MUSCULO-CONN TISS DIS W CC","$83,660.12 "
DRG 465,"WND DEBRID & SKN GRFT EXC HAND, FOR MUSCULO-CONN TISS DIS W/O CC/MCC","$62,305.07 "
DRG 466,REVISION OF HIP OR KNEE REPLACEMENT W MCC,"$120,797.61 "
DRG 467,REVISION OF HIP OR KNEE REPLACEMENT W CC,"$152,601.34 "
DRG 468,REVISION OF HIP OR KNEE REPLACEMENT W/O CC/MCC,"$108,946.65 "
DRG 469,MAJOR HIP AND KNEE JOINT REPLACEMENT OR REATTACHMENT OF LOWER EXTREMITY W MCC OR,"$89,602.29 "
DRG 470,MAJOR HIP AND KNEE JOINT REPLACEMENT OR REATTACHMENT OF LOWER EXTREMITY W/O MCC,"$66,442.91 "
DRG 471,CERVICAL SPINAL FUSION W MCC,"$318,640.12 "
DRG 472,CERVICAL SPINAL FUSION W CC,"$120,406.71 "
DRG 473,CERVICAL SPINAL FUSION W/O CC/MCC,"$117,054.27 "
DRG 475,AMPUTATION FOR MUSCULOSKELETAL SYS & CONN TISSUE DIS W CC,"$69,614.78 "
DRG 476,AMPUTATION FOR MUSCULOSKELETAL SYS & CONN TISSUE DIS W/O CC/MCC,"$12,808.03 "
DRG 477,BIOPSIES OF MUSCULOSKELETAL SYSTEM & CONNECTIVE TISSUE W MCC,"$96,996.90 "
DRG 478,BIOPSIES OF MUSCULOSKELETAL SYSTEM & CONNECTIVE TISSUE W CC,"$73,471.25 "
DRG 479,BIOPSIES OF MUSCULOSKELETAL SYSTEM & CONNECTIVE TISSUE W/O CC/MCC,"$57,320.61 "
DRG 480,HIP & FEMUR PROCEDURES EXCEPT MAJOR JOINT W MCC,"$110,171.32 "
DRG 481,HIP & FEMUR PROCEDURES EXCEPT MAJOR JOINT W CC,"$73,644.91 "
DRG 482,HIP & FEMUR PROCEDURES EXCEPT MAJOR JOINT W/O CC/MCC,"$52,230.87 "
DRG 483,MAJOR JOINT/LIMB REATTACHMENT PROCEDURE OF UPPER EXTREMITIES,"$94,005.80 "
DRG 486,KNEE PROCEDURES W PDX OF INFECTION W CC,"$126,088.66 "
DRG 487,KNEE PROCEDURES W PDX OF INFECTION W/O CC/MCC,"$53,156.84 "
DRG 488,KNEE PROCEDURES W/O PDX OF INFECTION W CC/MCC,"$72,321.44 "
DRG 489,KNEE PROCEDURES W/O PDX OF INFECTION W/O CC/MCC,"$38,933.82 "
DRG 492,"LOWER EXTREM & HUMER PROC EXCEPT HIP, FOOT, FEMUR W MCC","$163,338.43 "
DRG 493,"LOWER EXTREM & HUMER PROC EXCEPT HIP, FOOT, FEMUR W CC","$81,380.33 "
DRG 494,"LOWER EXTREM & HUMER PROC EXCEPT HIP, FOOT, FEMUR W/O CC/MCC","$60,373.95 "
DRG 496,LOCAL EXCISION & REMOVAL INT FIX DEVICES EXC HIP & FEMUR W CC,"$26,320.50 "
DRG 497,LOCAL EXCISION & REMOVAL INT FIX DEVICES EXC HIP & FEMUR W/O CC/MCC,"$31,245.45 "
DRG 498,LOCAL EXCISION & REMOVAL INT FIX DEVICES OF HIP & FEMUR W CC/MCC,"$16,228.64 "
DRG 500,SOFT TISSUE PROCEDURES W MCC,"$89,904.28 "
DRG 501,SOFT TISSUE PROCEDURES W CC,"$55,398.91 "
DRG 502,SOFT TISSUE PROCEDURES W/O CC/MCC,"$45,768.86 "
DRG 504,FOOT PROCEDURES W CC,"$45,053.51 "
DRG 510,"SHOULDER, ELBOW OR FOREARM PROC, EXC MAJOR JOINT PROC W MCC","$38,793.71 "
DRG 511,"SHOULDER, ELBOW OR FOREARM PROC, EXC MAJOR JOINT PROC W CC","$49,301.61 "
DRG 512,"SHOULDER, ELBOW OR FOREARM PROC, EXC MAJOR JOINT PROC W/O CC/MCC","$49,633.02 "
DRG 513,"HAND OR WRIST PROC, EXCEPT MAJOR THUMB OR JOINT PROC W CC/MCC","$40,863.02 "
DRG 515,OTHER MUSCULOSKELET SYS & CONN TISS O.R. PROC W MCC,"$166,417.76 "
DRG 516,OTHER MUSCULOSKELET SYS & CONN TISS O.R. PROC W CC,"$74,569.23 "
DRG 517,OTHER MUSCULOSKELET SYS & CONN TISS O.R. PROC W/O CC/MCC,"$62,214.25 "
DRG 518,BACK & NECK PROC EXC SPINAL FUSION W MCC OR DISC DEVICE/NEUROSTIM,"$123,733.03 "
DRG 519,BACK & NECK PROC EXC SPINAL FUSION W CC,"$84,850.43 "
DRG 520,BACK & NECK PROC EXC SPINAL FUSION W/O CC/MCC,"$61,451.21 "
DRG 534,FRACTURES OF FEMUR W/O MCC,"$19,816.48 "
DRG 535,FRACTURES OF HIP & PELVIS W MCC,"$49,863.02 "
DRG 536,FRACTURES OF HIP & PELVIS W/O MCC,"$22,048.50 "
DRG 537,"SPRAINS, STRAINS, & DISLOCATIONS OF HIP, PELVIS & THIGH W CC/MCC","$54,961.06 "
DRG 539,OSTEOMYELITIS W MCC,"$105,246.39 "
DRG 540,OSTEOMYELITIS W CC,"$22,541.52 "
DRG 541,OSTEOMYELITIS W/O CC/MCC,"$16,500.82 "
DRG 542,PATHOLOGICAL FRACTURES & MUSCULOSKELET & CONN TISS MALIG W MCC,"$27,903.44 "
DRG 543,PATHOLOGICAL FRACTURES & MUSCULOSKELET & CONN TISS MALIG W CC,"$39,963.92 "
DRG 544,PATHOLOGICAL FRACTURES & MUSCULOSKELET & CONN TISS MALIG W/O CC/MCC,"$20,513.26 "
DRG 546,CONNECTIVE TISSUE DISORDERS W CC,"$21,521.29 "
DRG 547,CONNECTIVE TISSUE DISORDERS W/O CC/MCC,"$25,462.34 "
DRG 550,SEPTIC ARTHRITIS W/O CC/MCC,"$20,338.75 "
DRG 551,MEDICAL BACK PROBLEMS W MCC,"$58,272.51 "
DRG 552,MEDICAL BACK PROBLEMS W/O MCC,"$35,170.86 "
DRG 553,BONE DISEASES & ARTHROPATHIES W MCC,"$45,825.23 "
DRG 554,BONE DISEASES & ARTHROPATHIES W/O MCC,"$22,614.99 "
DRG 556,SIGNS & SYMPTOMS OF MUSCULOSKELETAL SYSTEM & CONN TISSUE W/O MCC,"$35,906.03 "
DRG 557,"TENDONITIS, MYOSITIS & BURSITIS W MCC","$37,784.75 "
DRG 558,"TENDONITIS, MYOSITIS & BURSITIS W/O MCC","$22,145.79 "
DRG 559,"AFTERCARE, MUSCULOSKELETAL SYSTEM & CONNECTIVE TISSUE W MCC","$43,655.30 "
DRG 560,"AFTERCARE, MUSCULOSKELETAL SYSTEM & CONNECTIVE TISSUE W CC","$44,473.57 "
DRG 561,"AFTERCARE, MUSCULOSKELETAL SYSTEM & CONNECTIVE TISSUE W/O CC/MCC","$32,465.66 "
DRG 562,"FX, SPRN, STRN & DISL EXCEPT FEMUR, HIP, PELVIS & THIGH W MCC","$28,008.69 "
DRG 563,"FX, SPRN, STRN & DISL EXCEPT FEMUR, HIP, PELVIS & THIGH W/O MCC","$19,804.74 "
DRG 564,OTHER MUSCULOSKELETAL SYS & CONNECTIVE TISSUE DIAGNOSES W MCC,"$48,975.96 "
DRG 565,OTHER MUSCULOSKELETAL SYS & CONNECTIVE TISSUE DIAGNOSES W CC,"$38,515.94 "
DRG 566,OTHER MUSCULOSKELETAL SYS & CONNECTIVE TISSUE DIAGNOSES W/O CC/MCC,"$20,388.44 "
DRG 571,SKIN DEBRIDEMENT W CC,"$42,171.48 "
DRG 572,SKIN DEBRIDEMENT W/O CC/MCC,"$28,063.95 "
DRG 574,SKIN GRAFT FOR SKIN ULCER OR CELLULITIS W CC,"$91,251.45 "
DRG 576,SKIN GRAFT EXC FOR SKIN ULCER OR CELLULITIS W MCC,"$254,245.90 "
DRG 577,SKIN GRAFT EXC FOR SKIN ULCER OR CELLULITIS W CC,"$94,591.58 "
DRG 579,"OTHER SKIN, SUBCUT TISS & BREAST PROC W MCC","$148,585.34 "
DRG 580,"OTHER SKIN, SUBCUT TISS & BREAST PROC W CC","$35,585.48 "
DRG 581,"OTHER SKIN, SUBCUT TISS & BREAST PROC W/O CC/MCC","$35,420.20 "
DRG 585,"BREAST BIOPSY, LOCAL EXCISION & OTHER BREAST PROCEDURES W/O CC/MCC","$22,971.38 "
DRG 593,SKIN ULCERS W CC,"$32,137.11 "
DRG 594,SKIN ULCERS W/O CC/MCC,"$41,321.97 "
DRG 595,MAJOR SKIN DISORDERS W MCC,"$22,936.58 "
DRG 596,MAJOR SKIN DISORDERS W/O MCC,"$32,652.01 "
DRG 598,MALIGNANT BREAST DISORDERS W CC,"$48,359.28 "
DRG 601,NON-MALIGNANT BREAST DISORDERS W/O CC/MCC,"$4,219.41 "
DRG 602,CELLULITIS W MCC,"$49,131.79 "
DRG 603,CELLULITIS W/O MCC,"$22,999.68 "
DRG 604,"TRAUMA TO THE SKIN, SUBCUT TISS & BREAST W MCC","$48,880.55 "
DRG 605,"TRAUMA TO THE SKIN, SUBCUT TISS & BREAST W/O MCC","$38,104.23 "
DRG 606,MINOR SKIN DISORDERS W MCC,"$51,887.84 "
DRG 607,MINOR SKIN DISORDERS W/O MCC,"$17,228.67 "
DRG 615,ADRENAL & PITUITARY PROCEDURES W/O CC/MCC,"$32,719.60 "
DRG 616,"AMPUTAT OF LOWER LIMB FOR ENDOCRINE, NUTRIT, & METABOL DIS W MCC","$150,880.68 "
DRG 617,"AMPUTAT OF LOWER LIMB FOR ENDOCRINE, NUTRIT, & METABOL DIS W CC","$52,262.68 "
DRG 619,O.R. PROCEDURES FOR OBESITY W MCC,"$69,632.86 "
DRG 620,O.R. PROCEDURES FOR OBESITY W CC,"$60,526.76 "
DRG 621,O.R. PROCEDURES FOR OBESITY W/O CC/MCC,"$56,920.57 "
DRG 622,"SKIN GRAFTS & WOUND DEBRID FOR ENDOC, NUTRIT & METAB DIS W MCC","$134,309.71 "
DRG 623,"SKIN GRAFTS & WOUND DEBRID FOR ENDOC, NUTRIT & METAB DIS W CC","$45,063.41 "
DRG 625,"THYROID, PARATHYROID & THYROGLOSSAL PROCEDURES W MCC","$43,483.62 "
DRG 626,"THYROID, PARATHYROID & THYROGLOSSAL PROCEDURES W CC","$65,778.02 "
DRG 628,"OTHER ENDOCRINE, NUTRIT & METAB O.R. PROC W MCC","$138,595.31 "
DRG 629,"OTHER ENDOCRINE, NUTRIT & METAB O.R. PROC W CC","$48,841.61 "
DRG 637,DIABETES W MCC,"$71,778.50 "
DRG 638,DIABETES W CC,"$28,572.79 "
DRG 639,DIABETES W/O CC/MCC,"$20,909.60 "
DRG 640,"MISC DISORDERS OF NUTRITION, METABOLISM, FLUIDS/ELECTROLYTES W MCC","$32,600.24 "
DRG 641,"MISC DISORDERS OF NUTRITION, METABOLISM, FLUIDS/ELECTROLYTES W/O MCC","$25,988.17 "
DRG 642,INBORN AND OTHER DISORDERS OF METABOLISM,"$68,389.23 "
DRG 643,ENDOCRINE DISORDERS W MCC,"$40,108.33 "
DRG 644,ENDOCRINE DISORDERS W CC,"$34,999.39 "
DRG 645,ENDOCRINE DISORDERS W/O CC/MCC,"$23,558.24 "
DRG 654,MAJOR BLADDER PROCEDURES W CC,"$49,113.31 "
DRG 658,KIDNEY & URETER PROCEDURES FOR NEOPLASM W/O CC/MCC,"$67,325.46 "
DRG 659,KIDNEY & URETER PROCEDURES FOR NON-NEOPLASM W MCC,"$107,718.94 "
DRG 660,KIDNEY & URETER PROCEDURES FOR NON-NEOPLASM W CC,"$61,672.13 "
DRG 661,KIDNEY & URETER PROCEDURES FOR NON-NEOPLASM W/O CC/MCC,"$31,504.27 "
DRG 668,TRANSURETHRAL PROCEDURES W MCC,"$54,290.73 "
DRG 669,TRANSURETHRAL PROCEDURES W CC,"$81,677.72 "
DRG 671,URETHRAL PROCEDURES W CC/MCC,"$31,400.27 "
DRG 673,OTHER KIDNEY & URINARY TRACT PROCEDURES W MCC,"$107,893.56 "
DRG 674,OTHER KIDNEY & URINARY TRACT PROCEDURES W CC,"$96,686.94 "
DRG 682,RENAL FAILURE W MCC,"$59,048.18 "
DRG 683,RENAL FAILURE W CC,"$29,030.16 "
DRG 684,RENAL FAILURE W/O CC/MCC,"$18,471.97 "
DRG 687,KIDNEY & URINARY TRACT NEOPLASMS W CC,"$51,708.39 "
DRG 688,KIDNEY & URINARY TRACT NEOPLASMS W/O CC/MCC,"$17,219.29 "
DRG 689,KIDNEY & URINARY TRACT INFECTIONS W MCC,"$39,254.04 "
DRG 690,KIDNEY & URINARY TRACT INFECTIONS W/O MCC,"$25,612.61 "
DRG 694,URINARY STONES W/O MCC,"$20,638.97 "
DRG 696,KIDNEY & URINARY TRACT SIGNS & SYMPTOMS W/O MCC,"$25,054.04 "
DRG 697,URETHRAL STRICTURE,"$20,976.02 "
DRG 698,OTHER KIDNEY & URINARY TRACT DIAGNOSES W MCC,"$54,281.19 "
DRG 699,OTHER KIDNEY & URINARY TRACT DIAGNOSES W CC,"$27,981.40 "
DRG 700,OTHER KIDNEY & URINARY TRACT DIAGNOSES W/O CC/MCC,"$28,569.40 "
DRG 709,PENIS PROCEDURES W CC/MCC,"$50,447.00 "
DRG 712,TESTES PROCEDURES W/O CC/MCC,"$12,813.43 "
DRG 713,TRANSURETHRAL PROSTATECTOMY W CC/MCC,"$103,252.40 "
DRG 714,TRANSURETHRAL PROSTATECTOMY W/O CC/MCC,"$25,230.37 "
DRG 717,OTHER MALE REPRODUCTIVE SYSTEM O.R. PROC EXC MALIGNANCY W CC/MCC,"$28,783.90 "
DRG 718,OTHER MALE REPRODUCTIVE SYSTEM O.R. PROC EXC MALIGNANCY W/O CC/MCC,"$39,918.34 "
DRG 726,BENIGN PROSTATIC HYPERTROPHY W/O MCC,"$26,473.19 "
DRG 728,INFLAMMATION OF THE MALE REPRODUCTIVE SYSTEM W/O MCC,"$30,260.53 "
DRG 729,OTHER MALE REPRODUCTIVE SYSTEM DIAGNOSES W CC/MCC,"$18,419.67 "
DRG 742,UTERINE & ADNEXA PROC FOR NON-MALIGNANCY W CC/MCC,"$47,220.23 "
DRG 743,UTERINE & ADNEXA PROC FOR NON-MALIGNANCY W/O CC/MCC,"$32,917.30 "
DRG 744,"D&C, CONIZATION, LAPAROSCOPY & TUBAL INTERRUPTION W CC/MCC","$29,834.10 "
DRG 745,"D&C, CONIZATION, LAPAROSCOPY & TUBAL INTERRUPTION W/O CC/MCC","$24,716.69 "
DRG 746,"VAGINA, CERVIX & VULVA PROCEDURES W CC/MCC","$43,376.98 "
DRG 748,FEMALE REPRODUCTIVE SYSTEM RECONSTRUCTIVE PROCEDURES,"$13,510.47 "
DRG 754,"MALIGNANCY, FEMALE REPRODUCTIVE SYSTEM W MCC","$36,260.73 "
DRG 755,"MALIGNANCY, FEMALE REPRODUCTIVE SYSTEM W CC","$22,454.84 "
DRG 758,"INFECTIONS, FEMALE REPRODUCTIVE SYSTEM W CC","$48,502.16 "
DRG 768,VAGINAL DELIVERY W O.R. PROC EXCEPT STERIL &/OR D&C,"$13,979.28 "
DRG 769,POSTPARTUM & POST ABORTION DIAGNOSES W O.R. PROCEDURE,"$36,869.48 "
DRG 770,"ABORTION W D&C, ASPIRATION CURETTAGE OR HYSTEROTOMY","$21,575.44 "
DRG 776,POSTPARTUM & POST ABORTION DIAGNOSES W/O O.R. PROCEDURE,"$21,447.09 "
DRG 783,CESAREAN SECTION W STERILIZATION W MCC,"$30,034.47 "
DRG 784,CESAREAN SECTION W STERILIZATION W CC,"$24,652.47 "
DRG 785,CESAREAN SECTION W STERILIZATION W/O CC/MCC,"$20,502.93 "
DRG 786,CESAREAN SECTION W/O STERILIZATION W MCC,"$23,618.54 "
DRG 787,CESAREAN SECTION W/O STERILIZATION W CC,"$19,479.59 "
DRG 788,CESAREAN SECTION W/O STERILIZATION W/O CC/MCC,"$18,332.03 "
DRG 789,"NEONATES, DIED OR TRANSFERRED TO ANOTHER ACUTE CARE FACILITY","$134,467.14 "
DRG 790,"EXTREME IMMATURITY OR RESPIRATORY DISTRESS SYNDROME, NEONATE","$172,923.31 "
DRG 791,PREMATURITY W MAJOR PROBLEMS,"$147,570.70 "
DRG 792,PREMATURITY W/O MAJOR PROBLEMS,"$33,209.12 "
DRG 793,FULL TERM NEONATE W MAJOR PROBLEMS,"$64,020.35 "
DRG 794,NEONATE W OTHER SIGNIFICANT PROBLEMS,"$12,007.70 "
DRG 795,NORMAL NEWBORN,"$4,020.62 "
DRG 796,VAGINAL DELIVERY W STERILIZATION/D&C W MCC,"$10,751.58 "
DRG 797,VAGINAL DELIVERY W STERILIZATION/D&C W CC,"$23,856.47 "
DRG 798,VAGINAL DELIVERY W STERILIZATION/D&C W/O CC/MCC,"$22,174.11 "
DRG 799,SPLENECTOMY W MCC,"$38,289.09 "
DRG 800,SPLENECTOMY W CC,"$116,899.77 "
DRG 801,SPLENECTOMY W/O CC/MCC,"$36,242.06 "
DRG 805,VAGINAL DELIVERY W/O STERILIZATION/D&C W MCC,"$13,253.40 "
DRG 806,VAGINAL DELIVERY W/O STERILIZATION/D&C W CC,"$13,660.86 "
DRG 807,VAGINAL DELIVERY W/O STERILIZATION/D&C W/O CC/MCC,"$11,873.24 "
DRG 808,MAJOR HEMATOL/IMMUN DIAG EXC SICKLE CELL CRISIS & COAGUL W MCC,"$38,695.04 "
DRG 809,MAJOR HEMATOL/IMMUN DIAG EXC SICKLE CELL CRISIS & COAGUL W CC,"$41,566.29 "
DRG 810,MAJOR HEMATOL/IMMUN DIAG EXC SICKLE CELL CRISIS & COAGUL W/O CC/MCC,"$45,799.76 "
DRG 811,RED BLOOD CELL DISORDERS W MCC,"$44,479.08 "
DRG 812,RED BLOOD CELL DISORDERS W/O MCC,"$26,879.40 "
DRG 813,COAGULATION DISORDERS,"$42,542.88 "
DRG 814,RETICULOENDOTHELIAL & IMMUNITY DISORDERS W MCC,"$30,436.67 "
DRG 815,RETICULOENDOTHELIAL & IMMUNITY DISORDERS W CC,"$22,419.16 "
DRG 816,RETICULOENDOTHELIAL & IMMUNITY DISORDERS W/O CC/MCC,"$26,574.20 "
DRG 817,OTHER ANTEPARTUM DIAGNOSES W O.R. PROCEDURE W MCC,"$43,019.87 "
DRG 818,OTHER ANTEPARTUM DIAGNOSES W O.R. PROCEDURE W CC,"$34,971.73 "
DRG 819,OTHER ANTEPARTUM DIAGNOSES W O.R. PROCEDURE W/O CC/MCC,"$24,221.48 "
DRG 821,LYMPHOMA & LEUKEMIA W MAJOR O.R. PROCEDURE W CC,"$40,677.16 "
DRG 823,LYMPHOMA & NON-ACUTE LEUKEMIA W OTHER PROC W MCC,"$70,621.66 "
DRG 824,LYMPHOMA & NON-ACUTE LEUKEMIA W OTHER PROC W CC,"$52,887.14 "
DRG 827,MYELOPROLIF DISORD OR POORLY DIFF NEOPL W MAJ O.R. PROC W CC,"$44,541.75 "
DRG 830,MYELOPROLIFERATIVE DISORDERS OR POORLY DIFFERENTIATED NEOPLASMS W OTHER PROCEDUR,"$55,437.88 "
DRG 831,OTHER ANTEPARTUM DIAGNOSES W/O O.R. PROCEDURE W MCC,"$19,499.01 "
DRG 832,OTHER ANTEPARTUM DIAGNOSES W/O O.R. PROCEDURE W CC,"$12,622.08 "
DRG 833,OTHER ANTEPARTUM DIAGNOSES W/O O.R. PROCEDURE W/O CC/MCC,"$7,964.30 "
DRG 840,LYMPHOMA & NON-ACUTE LEUKEMIA W MCC,"$64,116.08 "
DRG 841,LYMPHOMA & NON-ACUTE LEUKEMIA W CC,"$67,537.68 "
DRG 843,OTHER MYELOPROLIF DIS OR POORLY DIFF NEOPL DIAG W MCC,"$83,341.09 "
DRG 844,OTHER MYELOPROLIF DIS OR POORLY DIFF NEOPL DIAG W CC,"$74,129.15 "
DRG 845,OTHER MYELOPROLIF DIS OR POORLY DIFF NEOPL DIAG W/O CC/MCC,"$12,364.39 "
DRG 847,CHEMOTHERAPY W/O ACUTE LEUKEMIA AS SECONDARY DIAGNOSIS W CC,"$46,184.28 "
DRG 853,INFECTIOUS & PARASITIC DISEASES W O.R. PROCEDURE W MCC,"$139,109.08 "
DRG 854,INFECTIOUS & PARASITIC DISEASES W O.R. PROCEDURE W CC,"$48,965.26 "
DRG 856,POSTOPERATIVE OR POST-TRAUMATIC INFECTIONS W O.R. PROC W MCC,"$95,701.76 "
DRG 857,POSTOPERATIVE OR POST-TRAUMATIC INFECTIONS W O.R. PROC W CC,"$41,437.07 "
DRG 862,POSTOPERATIVE & POST-TRAUMATIC INFECTIONS W MCC,"$46,873.82 "
DRG 863,POSTOPERATIVE & POST-TRAUMATIC INFECTIONS W/O MCC,"$30,463.86 "
DRG 864,FEVER AND INFLAMMATORY CONDITIONS,"$33,303.48 "
DRG 865,VIRAL ILLNESS W MCC,"$188,507.11 "
DRG 866,VIRAL ILLNESS W/O MCC,"$27,570.59 "
DRG 868,OTHER INFECTIOUS & PARASITIC DISEASES DIAGNOSES W CC,"$21,061.88 "
DRG 869,OTHER INFECTIOUS & PARASITIC DISEASES DIAGNOSES W/O CC/MCC,"$39,380.52 "
DRG 870,SEPTICEMIA OR SEVERE SEPSIS W MV >96 HOURS,"$208,756.23 "
DRG 871,SEPTICEMIA OR SEVERE SEPSIS W/O MV >96 HOURS W MCC,"$70,481.76 "
DRG 872,SEPTICEMIA OR SEVERE SEPSIS W/O MV >96 HOURS W/O MCC,"$42,171.86 "
DRG 880,ACUTE ADJUSTMENT REACTION & PSYCHOSOCIAL DYSFUNCTION,"$14,025.48 "
DRG 881,DEPRESSIVE NEUROSES,"$10,466.13 "
DRG 882,NEUROSES EXCEPT DEPRESSIVE,"$9,719.47 "
DRG 883,DISORDERS OF PERSONALITY & IMPULSE CONTROL,"$10,110.54 "
DRG 884,ORGANIC DISTURBANCES & INTELLECTUAL DISABILITY,"$25,745.88 "
DRG 885,PSYCHOSES,"$13,227.66 "
DRG 886,BEHAVIORAL & DEVELOPMENTAL DISORDERS,"$9,333.87 "
DRG 894,"ALCOHOL/DRUG ABUSE OR DEPENDENCE, LEFT AMA","$8,435.91 "
DRG 896,ALCOHOL/DRUG ABUSE OR DEPENDENCE W/O REHABILITATION THERAPY W MCC,"$27,827.69 "
DRG 897,ALCOHOL/DRUG ABUSE OR DEPENDENCE W/O REHABILITATION THERAPY W/O MCC,"$13,561.68 "
DRG 902,WOUND DEBRIDEMENTS FOR INJURIES W CC,"$57,347.34 "
DRG 903,WOUND DEBRIDEMENTS FOR INJURIES W/O CC/MCC,"$33,293.19 "
DRG 907,OTHER O.R. PROCEDURES FOR INJURIES W MCC,"$100,643.35 "
DRG 908,OTHER O.R. PROCEDURES FOR INJURIES W CC,"$60,249.48 "
DRG 909,OTHER O.R. PROCEDURES FOR INJURIES W/O CC/MCC,"$108,898.16 "
DRG 914,TRAUMATIC INJURY W/O MCC,"$16,097.07 "
DRG 915,ALLERGIC REACTIONS W MCC,"$38,273.92 "
DRG 916,ALLERGIC REACTIONS W/O MCC,"$57,596.27 "
DRG 917,POISONING & TOXIC EFFECTS OF DRUGS W MCC,"$47,797.85 "
DRG 918,POISONING & TOXIC EFFECTS OF DRUGS W/O MCC,"$21,112.11 "
DRG 919,COMPLICATIONS OF TREATMENT W MCC,"$65,708.58 "
DRG 920,COMPLICATIONS OF TREATMENT W CC,"$40,254.51 "
DRG 921,COMPLICATIONS OF TREATMENT W/O CC/MCC,"$21,999.46 "
DRG 922,"OTHER INJURY, POISONING & TOXIC EFFECT DIAG W MCC","$65,827.68 "
DRG 923,"OTHER INJURY, POISONING & TOXIC EFFECT DIAG W/O MCC","$40,629.44 "
DRG 935,NON-EXTENSIVE BURNS,"$18,311.40 "
DRG 940,O.R. PROC W DIAGNOSES OF OTHER CONTACT W HEALTH SERVICES W CC,"$62,982.30 "
DRG 941,O.R. PROC W DIAGNOSES OF OTHER CONTACT W HEALTH SERVICES W/O CC/MCC,"$27,415.77 "
DRG 947,SIGNS & SYMPTOMS W MCC,"$56,648.18 "
DRG 948,SIGNS & SYMPTOMS W/O MCC,"$29,257.41 "
DRG 949,AFTERCARE W CC/MCC,"$49,482.05 "
DRG 950,AFTERCARE W/O CC/MCC,"$30,461.89 "
DRG 951,OTHER FACTORS INFLUENCING HEALTH STATUS,"$36,946.08 "
DRG 955,CRANIOTOMY FOR MULTIPLE SIGNIFICANT TRAUMA,"$83,756.21 "
DRG 956,"LIMB REATTACHMENT, HIP & FEMUR PROC FOR MULTIPLE SIGNIFICANT TRAUMA","$165,902.88 "
DRG 957,OTHER O.R. PROCEDURES FOR MULTIPLE SIGNIFICANT TRAUMA W MCC,"$237,482.54 "
DRG 958,OTHER O.R. PROCEDURES FOR MULTIPLE SIGNIFICANT TRAUMA W CC,"$122,773.90 "
DRG 959,OTHER O.R. PROCEDURES FOR MULTIPLE SIGNIFICANT TRAUMA W/O CC/MCC,"$166,015.14 "
DRG 963,OTHER MULTIPLE SIGNIFICANT TRAUMA W MCC,"$45,525.49 "
DRG 964,OTHER MULTIPLE SIGNIFICANT TRAUMA W CC,"$46,089.99 "
DRG 969,HIV W EXTENSIVE O.R. PROCEDURE W MCC,"$374,300.03 "
DRG 981,EXTENSIVE O.R. PROCEDURE UNRELATED TO PRINCIPAL DIAGNOSIS W MCC,"$150,233.09 "
DRG 982,EXTENSIVE O.R. PROCEDURE UNRELATED TO PRINCIPAL DIAGNOSIS W CC,"$102,060.12 "
DRG 983,EXTENSIVE O.R. PROCEDURE UNRELATED TO PRINCIPAL DIAGNOSIS W/O CC/MCC,"$43,620.57 "
DRG 987,NON-EXTENSIVE O.R. PROC UNRELATED TO PRINCIPAL DIAGNOSIS W MCC,"$152,869.85 "
DRG 988,NON-EXTENSIVE O.R. PROC UNRELATED TO PRINCIPAL DIAGNOSIS W CC,"$67,703.15 "
DRG 989,NON-EXTENSIVE O.R. PROC UNRELATED TO PRINCIPAL DIAGNOSIS W/O CC/MCC,"$47,514.61 "
