MS-DRG,MS-DRG Title, Average Charges 
4,"TRACH W MV >96 HRS OR PDX EXC FACE, MOUTH & NECK W/O MAJ O.R.","$157,145.85 "
25,CRANIOTOMY & ENDOVASCULAR INTRACRANIAL PROCEDURES W MCC,"$73,383.06 "
27,CRANIOTOMY & ENDOVASCULAR INTRACRANIAL PROCEDURES W/O CC/MCC,"$40,326.27 "
38,EXTRACRANIAL PROCEDURES W CC,"$26,714.34 "
39,EXTRACRANIAL PROCEDURES W/O CC/MCC,"$18,977.94 "
40,PERIPH/CRANIAL NERVE & OTHER NERV SYST PROC W MCC,"$64,886.70 "
52,SPINAL DISORDERS & INJURIES W CC/MCC,"$25,715.79 "
55,NERVOUS SYSTEM NEOPLASMS W/O MCC,"$17,031.99 "
56,DEGENERATIVE NERVOUS SYSTEM DISORDERS W MCC,"$32,606.94 "
57,DEGENERATIVE NERVOUS SYSTEM DISORDERS W/O MCC,"$19,342.62 "
58,MULTIPLE SCLEROSIS & CEREBELLAR ATAXIA W MCC,"$27,917.40 "
59,MULTIPLE SCLEROSIS & CEREBELLAR ATAXIA W CC,"$18,275.94 "
61,"ISCHEMIC STROKE, PRECEREBRAL OCCLUSION OR TRANSIENT ISCHEMIA W THROMBOLYTIC AGENT W MCC","$47,677.53 "
62,"ISCHEMIC STROKE, PRECEREBRAL OCCLUSION OR TRANSIENT ISCHEMIA W THROMBOLYTIC AGENT W CC","$32,923.86 "
64,INTRACRANIAL HEMORRHAGE OR CEREBRAL INFARCTION W MCC,"$30,136.11 "
65,INTRACRANIAL HEMORRHAGE OR CEREBRAL INFARCTION W CC OR TPA IN 24 HRS,"$17,570.43 "
66,INTRACRANIAL HEMORRHAGE OR CEREBRAL INFARCTION W/O CC/MCC,"$12,722.43 "
67,NONSPECIFIC CVA & PRECEREBRAL OCCLUSION W/O INFARCT W MCC,"$24,081.60 "
68,NONSPECIFIC CVA & PRECEREBRAL OCCLUSION W/O INFARCT W/O MCC,"$15,266.52 "
69,TRANSIENT ISCHEMIA W/O THROMBOLYTIC,"$12,816.12 "
70,NONSPECIFIC CEREBROVASCULAR DISORDERS W MCC,"$28,092.93 "
71,NONSPECIFIC CEREBROVASCULAR DISORDERS W CC,"$16,863.24 "
72,NONSPECIFIC CEREBROVASCULAR DISORDERS W/O CC/MCC,"$12,954.15 "
73,CRANIAL & PERIPHERAL NERVE DISORDERS W MCC,"$23,921.43 "
74,CRANIAL & PERIPHERAL NERVE DISORDERS W/O MCC,"$16,248.12 "
75,VIRAL MENINGITIS W CC/MCC,"$28,121.91 "
77,HYPERTENSIVE ENCEPHALOPATHY W MCC,"$26,782.53 "
78,HYPERTENSIVE ENCEPHALOPATHY W CC,"$16,924.62 "
83,"TRAUMATIC STUPOR & COMA, COMA >1 HR W CC","$21,413.04 "
84,"TRAUMATIC STUPOR & COMA, COMA >1 HR W/O CC/MCC","$15,338.16 "
85,"TRAUMATIC STUPOR & COMA, COMA <1 HR W MCC","$34,895.49 "
86,"TRAUMATIC STUPOR & COMA, COMA <1 HR W CC","$20,146.98 "
91,OTHER DISORDERS OF NERVOUS SYSTEM W MCC,"$26,242.32 "
92,OTHER DISORDERS OF NERVOUS SYSTEM W CC,"$15,963.57 "
93,OTHER DISORDERS OF NERVOUS SYSTEM W/O CC/MCC,"$12,422.52 "
99,NON-BACTERIAL INFECT OF NERVOUS SYS EXC VIRAL MENINGITIS W/O CC/MCC,"$20,549.13 "
100,SEIZURES W MCC,"$28,079.28 "
101,SEIZURES W/O MCC,"$14,119.74 "
102,HEADACHES W MCC,"$18,081.63 "
103,HEADACHES W/O MCC,"$12,775.20 "
123,NEUROLOGICAL EYE DISORDERS,"$12,761.64 "
147,"EAR, NOSE, MOUTH & THROAT MALIGNANCY W CC","$21,309.09 "
149,DYSEQUILIBRIUM,"$11,999.91 "
150,EPISTAXIS W MCC,"$22,541.13 "
151,EPISTAXIS W/O MCC,"$12,471.90 "
152,OTITIS MEDIA & URI W MCC,"$17,911.26 "
153,OTITIS MEDIA & URI W/O MCC,"$12,185.64 "
155,"OTHER EAR, NOSE, MOUTH & THROAT DIAGNOSES W CC","$15,293.85 "
156,"OTHER EAR, NOSE, MOUTH & THROAT DIAGNOSES W/O CC/MCC","$11,342.13 "
157,DENTAL & ORAL DISEASES W MCC,"$26,376.93 "
158,DENTAL & ORAL DISEASES W CC,"$15,140.46 "
163,MAJOR CHEST PROCEDURES W MCC,"$84,217.41 "
164,MAJOR CHEST PROCEDURES W CC,"$43,923.54 "
166,OTHER RESP SYSTEM O.R. PROCEDURES W MCC,"$60,442.56 "
167,OTHER RESP SYSTEM O.R. PROCEDURES W CC,"$31,519.74 "
175,PULMONARY EMBOLISM W MCC,"$25,012.02 "
176,PULMONARY EMBOLISM W/O MCC,"$15,254.61 "
177,RESPIRATORY INFECTIONS & INFLAMMATIONS W MCC,"$31,536.78 "
178,RESPIRATORY INFECTIONS & INFLAMMATIONS W CC,"$22,070.82 "
180,RESPIRATORY NEOPLASMS W MCC,"$28,788.18 "
181,RESPIRATORY NEOPLASMS W CC,"$19,698.81 "
183,MAJOR CHEST TRAUMA W MCC,"$25,165.35 "
184,MAJOR CHEST TRAUMA W CC,"$17,296.08 "
186,PLEURAL EFFUSION W MCC,"$25,979.91 "
189,PULMONARY EDEMA & RESPIRATORY FAILURE,"$20,782.56 "
190,CHRONIC OBSTRUCTIVE PULMONARY DISEASE W MCC,"$19,640.85 "
191,CHRONIC OBSTRUCTIVE PULMONARY DISEASE W CC,"$15,636.33 "
193,SIMPLE PNEUMONIA & PLEURISY W MCC,"$23,398.26 "
194,SIMPLE PNEUMONIA & PLEURISY W CC,"$15,902.16 "
195,SIMPLE PNEUMONIA & PLEURISY W/O CC/MCC,"$12,097.02 "
196,INTERSTITIAL LUNG DISEASE W MCC,"$27,203.43 "
197,INTERSTITIAL LUNG DISEASE W CC,"$17,805.63 "
199,PNEUMOTHORAX W MCC,"$30,783.63 "
200,PNEUMOTHORAX W CC,"$18,081.63 "
201,PNEUMOTHORAX W/O CC/MCC,"$12,950.76 "
202,BRONCHITIS & ASTHMA W CC/MCC,"$15,779.49 "
203,BRONCHITIS & ASTHMA W/O CC/MCC,"$12,022.08 "
204,RESPIRATORY SIGNS & SYMPTOMS,"$13,056.39 "
205,OTHER RESPIRATORY SYSTEM DIAGNOSES W MCC,"$25,441.44 "
206,OTHER RESPIRATORY SYSTEM DIAGNOSES W/O MCC,"$14,515.05 "
207,RESPIRATORY SYSTEM DIAGNOSIS W VENTILATOR SUPPORT >96 HOURS,"$93,458.46 "
208,RESPIRATORY SYSTEM DIAGNOSIS W VENTILATOR SUPPORT <=96 HOURS,"$40,348.41 "
219,CARDIAC VALVE & OTH MAJ CARDIOTHORACIC PROC W/O CARD CATH W MCC,"$129,635.40 "
220,CARDIAC VALVE & OTH MAJ CARDIOTHORACIC PROC W/O CARD CATH W CC,"$87,593.16 "
224,CARDIAC DEFIB IMPLANT W CARDIAC CATH W/O AMI/HF/SHOCK W MCC,"$125,095.83 "
226,CARDIAC DEFIBRILLATOR IMPLANT W/O CARDIAC CATH W MCC,"$115,829.22 "
227,CARDIAC DEFIBRILLATOR IMPLANT W/O CARDIAC CATH W/O MCC,"$92,102.10 "
233,CORONARY BYPASS W CARDIAC CATH W MCC,"$125,138.40 "
234,CORONARY BYPASS W CARDIAC CATH W/O MCC,"$86,166.87 "
235,CORONARY BYPASS W/O CARDIAC CATH W MCC,"$98,470.11 "
236,CORONARY BYPASS W/O CARDIAC CATH W/O MCC,"$66,181.77 "
239,AMPUTATION FOR CIRC SYS DISORDERS EXC UPPER LIMB & TOE W MCC,"$79,163.25 "
242,PERMANENT CARDIAC PACEMAKER IMPLANT W MCC,"$63,143.43 "
243,PERMANENT CARDIAC PACEMAKER IMPLANT W CC,"$44,455.20 "
244,PERMANENT CARDIAC PACEMAKER IMPLANT W/O CC/MCC,"$36,458.13 "
245,AICD GENERATOR PROCEDURES,"$92,911.47 "
246,PERCUTANEOUS CARDIOVASCULAR PROCEDURES W DRUG-ELUTING STENT W MCC OR 4+ ARTERIES OR STENTS,"$54,705.03 "
247,PERC CARDIOVASC PROC W DRUG-ELUTING STENT W/O MCC,"$36,050.82 "
248,PERCUTANEOUS CARDIOVASCULAR PROCEDURES W NON-DRUG-ELUTING STENT W MCC OR 4+ ARTERIES OR STENTS,"$51,932.55 "
249,PERC CARDIOVASC PROC W NON-DRUG-ELUTING STENT W/O MCC,"$33,343.08 "
250,PERC CARDIOVASC PROC W/O CORONARY ARTERY STENT W MCC,"$42,701.70 "
251,PERC CARDIOVASC PROC W/O CORONARY ARTERY STENT W/O MCC,"$28,333.20 "
252,OTHER VASCULAR PROCEDURES W MCC,"$55,098.66 "
253,OTHER VASCULAR PROCEDURES W CC,"$43,197.60 "
254,OTHER VASCULAR PROCEDURES W/O CC/MCC,"$30,889.26 "
258,CARDIAC PACEMAKER DEVICE REPLACEMENT W MCC,"$52,508.49 "
259,CARDIAC PACEMAKER DEVICE REPLACEMENT W/O MCC,"$35,561.76 "
261,CARDIAC PACEMAKER REVISION EXCEPT DEVICE REPLACEMENT W CC,"$33,026.16 "
262,CARDIAC PACEMAKER REVISION EXCEPT DEVICE REPLACEMENT W/O CC/MCC,"$28,133.85 "
264,OTHER CIRCULATORY SYSTEM O.R. PROCEDURES,"$54,831.15 "
266,ENDOVASCULAR CARDIAC VALVE REPLACEMENT W MCC,"$132,106.26 "
267,ENDOVASCULAR CARDIAC VALVE REPLACEMENT W/O MCC,"$104,059.35 "
268,AORTIC AND HEART ASSIST PROCEDURES EXCEPT PULSATION BALLOON W MCC,"$111,219.78 "
269,AORTIC AND HEART ASSIST PROCEDURES EXCEPT PULSATION BALLOON W/O MCC,"$70,813.41 "
270,OTHER MAJOR CARDIOVASCULAR PROCEDURES W MCC,"$84,198.69 "
271,OTHER MAJOR CARDIOVASCULAR PROCEDURES W CC,"$57,658.17 "
272,OTHER MAJOR CARDIOVASCULAR PROCEDURES W/O CC/MCC,"$41,813.91 "
273,PERCUTANEOUS INTRACARDIAC PROCEDURES W MCC,"$60,989.55 "
274,PERCUTANEOUS INTRACARDIAC PROCEDURES W/O MCC,"$47,174.85 "
280,"ACUTE MYOCARDIAL INFARCTION, DISCHARGED ALIVE W MCC","$28,248.00 "
281,"ACUTE MYOCARDIAL INFARCTION, DISCHARGED ALIVE W CC","$16,781.46 "
282,"ACUTE MYOCARDIAL INFARCTION, DISCHARGED ALIVE W/O CC/MCC","$12,926.91 "
285,"ACUTE MYOCARDIAL INFARCTION, EXPIRED W/O CC/MCC","$9,428.52 "
286,"CIRCULATORY DISORDERS EXCEPT AMI, W CARD CATH W MCC","$37,969.56 "
287,"CIRCULATORY DISORDERS EXCEPT AMI, W CARD CATH W/O MCC","$20,022.57 "
288,ACUTE & SUBACUTE ENDOCARDITIS W MCC,"$46,147.32 "
291,HEART FAILURE & SHOCK W MCC,"$25,150.05 "
292,HEART FAILURE & SHOCK W CC,"$16,338.42 "
293,HEART FAILURE & SHOCK W/O CC/MCC,"$11,478.45 "
299,PERIPHERAL VASCULAR DISORDERS W MCC,"$24,047.52 "
300,PERIPHERAL VASCULAR DISORDERS W CC,"$17,354.01 "
301,PERIPHERAL VASCULAR DISORDERS W/O CC/MCC,"$12,356.01 "
302,ATHEROSCLEROSIS W MCC,"$18,279.30 "
303,ATHEROSCLEROSIS W/O MCC,"$11,297.82 "
304,HYPERTENSION W MCC,"$17,865.24 "
305,HYPERTENSION W/O MCC,"$11,785.23 "
306,CARDIAC CONGENITAL & VALVULAR DISORDERS W MCC,"$23,210.82 "
307,CARDIAC CONGENITAL & VALVULAR DISORDERS W/O MCC,"$14,099.28 "
308,CARDIAC ARRHYTHMIA & CONDUCTION DISORDERS W MCC,"$20,252.58 "
309,CARDIAC ARRHYTHMIA & CONDUCTION DISORDERS W CC,"$13,155.24 "
310,CARDIAC ARRHYTHMIA & CONDUCTION DISORDERS W/O CC/MCC,"$9,585.27 "
311,ANGINA PECTORIS,"$11,575.59 "
312,SYNCOPE & COLLAPSE,"$13,572.72 "
313,CHEST PAIN,"$11,969.22 "
314,OTHER CIRCULATORY SYSTEM DIAGNOSES W MCC,"$33,368.64 "
315,OTHER CIRCULATORY SYSTEM DIAGNOSES W CC,"$16,457.67 "
316,OTHER CIRCULATORY SYSTEM DIAGNOSES W/O CC/MCC,"$12,611.64 "
326,"STOMACH, ESOPHAGEAL & DUODENAL PROC W MCC","$77,496.66 "
327,"STOMACH, ESOPHAGEAL & DUODENAL PROC W CC","$36,061.08 "
328,"STOMACH, ESOPHAGEAL & DUODENAL PROC W/O CC/MCC","$25,635.72 "
329,MAJOR SMALL & LARGE BOWEL PROCEDURES W MCC,"$83,724.93 "
330,MAJOR SMALL & LARGE BOWEL PROCEDURES W CC,"$42,071.22 "
331,MAJOR SMALL & LARGE BOWEL PROCEDURES W/O CC/MCC,"$28,556.40 "
335,PERITONEAL ADHESIOLYSIS W MCC,"$69,760.29 "
336,PERITONEAL ADHESIOLYSIS W CC,"$39,869.61 "
337,PERITONEAL ADHESIOLYSIS W/O CC/MCC,"$27,574.92 "
338,APPENDECTOMY W COMPLICATED PRINCIPAL DIAG W MCC,"$47,098.14 "
339,APPENDECTOMY W COMPLICATED PRINCIPAL DIAG W CC,"$29,055.72 "
340,APPENDECTOMY W COMPLICATED PRINCIPAL DIAG W/O CC/MCC,"$20,445.15 "
341,APPENDECTOMY W/O COMPLICATED PRINCIPAL DIAG W MCC,"$42,396.69 "
343,APPENDECTOMY W/O COMPLICATED PRINCIPAL DIAG W/O CC/MCC,"$17,989.65 "
346,MINOR SMALL & LARGE BOWEL PROCEDURES W/O CC/MCC,"$18,756.42 "
348,ANAL & STOMAL PROCEDURES W CC,"$24,066.30 "
349,ANAL & STOMAL PROCEDURES W/O CC/MCC,"$17,292.66 "
350,INGUINAL & FEMORAL HERNIA PROCEDURES W MCC,"$41,931.51 "
351,INGUINAL & FEMORAL HERNIA PROCEDURES W CC,"$25,376.70 "
352,INGUINAL & FEMORAL HERNIA PROCEDURES W/O CC/MCC,"$17,677.80 "
353,HERNIA PROCEDURES EXCEPT INGUINAL & FEMORAL W MCC,"$51,290.10 "
354,HERNIA PROCEDURES EXCEPT INGUINAL & FEMORAL W CC,"$29,374.38 "
355,HERNIA PROCEDURES EXCEPT INGUINAL & FEMORAL W/O CC/MCC,"$22,503.66 "
356,OTHER DIGESTIVE SYSTEM O.R. PROCEDURES W MCC,"$64,857.75 "
368,MAJOR ESOPHAGEAL DISORDERS W MCC,"$31,306.77 "
371,MAJOR GASTROINTESTINAL DISORDERS & PERITONEAL INFECTIONS W MCC,"$29,384.58 "
373,MAJOR GASTROINTESTINAL DISORDERS & PERITONEAL INFECTIONS W/O CC/MCC,"$12,988.26 "
374,DIGESTIVE MALIGNANCY W MCC,"$34,104.78 "
375,DIGESTIVE MALIGNANCY W CC,"$21,039.87 "
377,G.I. HEMORRHAGE W MCC,"$29,207.34 "
378,G.I. HEMORRHAGE W CC,"$16,534.38 "
379,G.I. HEMORRHAGE W/O CC/MCC,"$10,984.29 "
380,COMPLICATED PEPTIC ULCER W MCC,"$32,322.39 "
381,COMPLICATED PEPTIC ULCER W CC,"$18,371.34 "
382,COMPLICATED PEPTIC ULCER W/O CC/MCC,"$13,686.90 "
383,UNCOMPLICATED PEPTIC ULCER W MCC,"$22,916.01 "
385,INFLAMMATORY BOWEL DISEASE W MCC,"$28,173.03 "
386,INFLAMMATORY BOWEL DISEASE W CC,"$16,391.22 "
388,G.I. OBSTRUCTION W MCC,"$25,968.00 "
389,G.I. OBSTRUCTION W CC,"$14,545.77 "
390,G.I. OBSTRUCTION W/O CC/MCC,"$10,166.34 "
391,"ESOPHAGITIS, GASTROENT & MISC DIGEST DISORDERS W MCC","$21,045.00 "
392,"ESOPHAGITIS, GASTROENT & MISC DIGEST DISORDERS W/O MCC","$12,938.85 "
393,OTHER DIGESTIVE SYSTEM DIAGNOSES W MCC,"$27,960.00 "
394,OTHER DIGESTIVE SYSTEM DIAGNOSES W CC,"$16,070.85 "
395,OTHER DIGESTIVE SYSTEM DIAGNOSES W/O CC/MCC,"$11,495.49 "
405,"PANCREAS, LIVER & SHUNT PROCEDURES W MCC","$90,099.78 "
417,LAPAROSCOPIC CHOLECYSTECTOMY W/O C.D.E. W MCC,"$40,747.17 "
418,LAPAROSCOPIC CHOLECYSTECTOMY W/O C.D.E. W CC,"$28,392.84 "
419,LAPAROSCOPIC CHOLECYSTECTOMY W/O C.D.E. W/O CC/MCC,"$22,241.22 "
432,CIRRHOSIS & ALCOHOLIC HEPATITIS W MCC,"$30,679.71 "
433,CIRRHOSIS & ALCOHOLIC HEPATITIS W CC,"$17,405.13 "
435,MALIGNANCY OF HEPATOBILIARY SYSTEM OR PANCREAS W MCC,"$28,461.00 "
438,DISORDERS OF PANCREAS EXCEPT MALIGNANCY W MCC,"$28,275.27 "
439,DISORDERS OF PANCREAS EXCEPT MALIGNANCY W CC,"$14,895.09 "
440,DISORDERS OF PANCREAS EXCEPT MALIGNANCY W/O CC/MCC,"$10,873.50 "
441,"DISORDERS OF LIVER EXCEPT MALIG,CIRR,ALC HEPA W MCC","$30,943.83 "
442,"DISORDERS OF LIVER EXCEPT MALIG,CIRR,ALC HEPA W CC","$16,007.85 "
444,DISORDERS OF THE BILIARY TRACT W MCC,"$27,259.65 "
445,DISORDERS OF THE BILIARY TRACT W CC,"$18,030.51 "
461,BILATERAL OR MULTIPLE MAJOR JOINT PROCS OF LOWER EXTREMITY W MCC,"$83,370.54 "
463,"WND DEBRID & SKN GRFT EXC HAND, FOR MUSCULO-CONN TISS DIS W MCC","$85,493.76 "
464,"WND DEBRID & SKN GRFT EXC HAND, FOR MUSCULO-CONN TISS DIS W CC","$48,459.72 "
465,"WND DEBRID & SKN GRFT EXC HAND, FOR MUSCULO-CONN TISS DIS W/O CC/MCC","$32,061.66 "
466,REVISION OF HIP OR KNEE REPLACEMENT W MCC,"$85,935.09 "
467,REVISION OF HIP OR KNEE REPLACEMENT W CC,"$59,263.35 "
468,REVISION OF HIP OR KNEE REPLACEMENT W/O CC/MCC,"$48,003.06 "
469,MAJOR HIP AND KNEE JOINT REPLACEMENT OR REATTACHMENT OF LOWER EXTREMITY W MCC OR TOTAL ANKLE REPLACEMENT,"$54,546.57 "
470,MAJOR HIP AND KNEE JOINT REPLACEMENT OR REATTACHMENT OF LOWER EXTREMITY W/O MCC,"$35,006.25 "
474,AMPUTATION FOR MUSCULOSKELETAL SYS & CONN TISSUE DIS W MCC,"$65,827.35 "
475,AMPUTATION FOR MUSCULOSKELETAL SYS & CONN TISSUE DIS W CC,"$36,681.33 "
478,BIOPSIES OF MUSCULOSKELETAL SYSTEM & CONNECTIVE TISSUE W CC,"$38,146.83 "
480,HIP & FEMUR PROCEDURES EXCEPT MAJOR JOINT W MCC,"$51,460.56 "
481,HIP & FEMUR PROCEDURES EXCEPT MAJOR JOINT W CC,"$34,934.70 "
482,HIP & FEMUR PROCEDURES EXCEPT MAJOR JOINT W/O CC/MCC,"$28,443.96 "
483,MAJOR JOINT/LIMB REATTACHMENT PROCEDURE OF UPPER EXTREMITIES,"$41,352.12 "
486,KNEE PROCEDURES W PDX OF INFECTION W CC,"$37,870.74 "
488,KNEE PROCEDURES W/O PDX OF INFECTION W CC/MCC,"$34,021.29 "
492,"LOWER EXTREM & HUMER PROC EXCEPT HIP,FOOT,FEMUR W MCC","$56,247.18 "
493,"LOWER EXTREM & HUMER PROC EXCEPT HIP,FOOT,FEMUR W CC","$37,550.37 "
494,"LOWER EXTREM & HUMER PROC EXCEPT HIP,FOOT,FEMUR W/O CC/MCC","$29,926.47 "
496,LOCAL EXCISION & REMOVAL INT FIX DEVICES EXC HIP & FEMUR W CC,"$33,648.12 "
497,LOCAL EXCISION & REMOVAL INT FIX DEVICES EXC HIP & FEMUR W/O CC/MCC,"$23,641.95 "
500,SOFT TISSUE PROCEDURES W MCC,"$50,426.16 "
501,SOFT TISSUE PROCEDURES W CC,"$28,786.50 "
502,SOFT TISSUE PROCEDURES W/O CC/MCC,"$21,534.06 "
503,FOOT PROCEDURES W MCC,"$42,388.20 "
510,"SHOULDER,ELBOW OR FOREARM PROC,EXC MAJOR JOINT PROC W MCC","$42,395.01 "
511,"SHOULDER,ELBOW OR FOREARM PROC,EXC MAJOR JOINT PROC W CC","$30,434.28 "
512,"SHOULDER,ELBOW OR FOREARM PROC,EXC MAJOR JOINT PROC W/O CC/MCC","$25,492.56 "
515,OTHER MUSCULOSKELET SYS & CONN TISS O.R. PROC W MCC,"$49,749.69 "
516,OTHER MUSCULOSKELET SYS & CONN TISS O.R. PROC W CC,"$32,070.18 "
517,OTHER MUSCULOSKELET SYS & CONN TISS O.R. PROC W/O CC/MCC,"$24,471.48 "
520,BACK & NECK PROC EXC SPINAL FUSION W/O CC/MCC,"$22,094.67 "
533,FRACTURES OF FEMUR W MCC,"$24,504.21 "
535,FRACTURES OF HIP & PELVIS W MCC,"$21,416.46 "
536,FRACTURES OF HIP & PELVIS W/O MCC,"$12,857.07 "
539,OSTEOMYELITIS W MCC,"$32,117.88 "
542,PATHOLOGICAL FRACTURES & MUSCULOSKELET & CONN TISS MALIG W MCC,"$30,850.08 "
543,PATHOLOGICAL FRACTURES & MUSCULOSKELET & CONN TISS MALIG W CC,"$18,400.32 "
545,CONNECTIVE TISSUE DISORDERS W MCC,"$40,273.47 "
548,SEPTIC ARTHRITIS W MCC,"$34,735.29 "
551,MEDICAL BACK PROBLEMS W MCC,"$26,468.94 "
552,MEDICAL BACK PROBLEMS W/O MCC,"$15,230.79 "
553,BONE DISEASES & ARTHROPATHIES W MCC,"$21,966.90 "
554,BONE DISEASES & ARTHROPATHIES W/O MCC,"$12,807.60 "
555,SIGNS & SYMPTOMS OF MUSCULOSKELETAL SYSTEM & CONN TISSUE W MCC,"$21,673.77 "
556,SIGNS & SYMPTOMS OF MUSCULOSKELETAL SYSTEM & CONN TISSUE W/O MCC,"$13,274.49 "
557,"TENDONITIS, MYOSITIS & BURSITIS W MCC","$24,592.83 "
558,"TENDONITIS, MYOSITIS & BURSITIS W/O MCC","$14,596.89 "
559,"AFTERCARE, MUSCULOSKELETAL SYSTEM & CONNECTIVE TISSUE W MCC","$28,650.15 "
560,"AFTERCARE, MUSCULOSKELETAL SYSTEM & CONNECTIVE TISSUE W CC","$18,356.01 "
562,"FX, SPRN, STRN & DISL EXCEPT FEMUR, HIP, PELVIS & THIGH W MCC","$23,548.23 "
563,"FX, SPRN, STRN & DISL EXCEPT FEMUR, HIP, PELVIS & THIGH W/O MCC","$14,032.86 "
564,OTHER MUSCULOSKELETAL SYS & CONNECTIVE TISSUE DIAGNOSES W MCC,"$24,930.21 "
565,OTHER MUSCULOSKELETAL SYS & CONNECTIVE TISSUE DIAGNOSES W CC,"$16,234.47 "
566,OTHER MUSCULOSKELETAL SYS & CONNECTIVE TISSUE DIAGNOSES W/O CC/MCC,"$13,238.76 "
570,SKIN DEBRIDEMENT W MCC,"$44,216.64 "
571,SKIN DEBRIDEMENT W CC,"$27,753.81 "
579,"OTHER SKIN, SUBCUT TISS & BREAST PROC W MCC","$45,337.89 "
580,"OTHER SKIN, SUBCUT TISS & BREAST PROC W CC","$26,511.57 "
581,"OTHER SKIN, SUBCUT TISS & BREAST PROC W/O CC/MCC","$20,857.56 "
592,SKIN ULCERS W MCC,"$25,250.58 "
593,SKIN ULCERS W CC,"$17,822.64 "
595,MAJOR SKIN DISORDERS W MCC,"$36,108.75 "
596,MAJOR SKIN DISORDERS W/O MCC,"$16,684.32 "
597,MALIGNANT BREAST DISORDERS W MCC,"$30,729.06 "
598,MALIGNANT BREAST DISORDERS W CC,"$18,529.80 "
602,CELLULITIS W MCC,"$24,647.34 "
603,CELLULITIS W/O MCC,"$14,489.49 "
604,"TRAUMA TO THE SKIN, SUBCUT TISS & BREAST W MCC","$23,711.79 "
605,"TRAUMA TO THE SKIN, SUBCUT TISS & BREAST W/O MCC","$14,414.55 "
606,MINOR SKIN DISORDERS W MCC,"$23,555.07 "
616,"AMPUTAT OF LOWER LIMB FOR ENDOCRINE,NUTRIT,& METABOL DIS W MCC","$68,894.61 "
617,"AMPUTAT OF LOWER LIMB FOR ENDOCRINE,NUTRIT,& METABOL DIS W CC","$35,750.94 "
619,O.R. PROCEDURES FOR OBESITY W MCC,"$53,113.44 "
620,O.R. PROCEDURES FOR OBESITY W CC,"$31,276.08 "
621,O.R. PROCEDURES FOR OBESITY W/O CC/MCC,"$26,968.26 "
622,"SKIN GRAFTS & WOUND DEBRID FOR ENDOC, NUTRIT & METAB DIS W MCC","$61,541.67 "
623,"SKIN GRAFTS & WOUND DEBRID FOR ENDOC, NUTRIT & METAB DIS W CC","$32,325.75 "
626,"THYROID, PARATHYROID & THYROGLOSSAL PROCEDURES W CC","$25,870.83 "
628,"OTHER ENDOCRINE, NUTRIT & METAB O.R. PROC W MCC","$60,941.88 "
629,"OTHER ENDOCRINE, NUTRIT & METAB O.R. PROC W CC","$39,460.62 "
637,DIABETES W MCC,"$22,743.93 "
638,DIABETES W CC,"$14,504.88 "
639,DIABETES W/O CC/MCC,"$10,662.24 "
640,"MISC DISORDERS OF NUTRITION,METABOLISM,FLUIDS/ELECTROLYTES W MCC","$19,978.26 "
641,"MISC DISORDERS OF NUTRITION,METABOLISM,FLUIDS/ELECTROLYTES W/O MCC","$12,713.85 "
642,INBORN AND OTHER DISORDERS OF METABOLISM,"$21,315.90 "
643,ENDOCRINE DISORDERS W MCC,"$27,118.20 "
659,KIDNEY & URETER PROCEDURES FOR NON-NEOPLASM W MCC,"$58,157.40 "
660,KIDNEY & URETER PROCEDURES FOR NON-NEOPLASM W CC,"$30,551.88 "
666,PROSTATECTOMY W CC,"$29,641.89 "
668,TRANSURETHRAL PROCEDURES W MCC,"$44,901.63 "
669,TRANSURETHRAL PROCEDURES W CC,"$23,563.56 "
670,TRANSURETHRAL PROCEDURES W/O CC/MCC,"$16,761.00 "
673,OTHER KIDNEY & URINARY TRACT PROCEDURES W MCC,"$60,054.00 "
682,RENAL FAILURE W MCC,"$25,293.18 "
683,RENAL FAILURE W CC,"$15,834.00 "
684,RENAL FAILURE W/O CC/MCC,"$10,708.20 "
686,KIDNEY & URINARY TRACT NEOPLASMS W MCC,"$29,437.41 "
689,KIDNEY & URINARY TRACT INFECTIONS W MCC,"$18,391.77 "
690,KIDNEY & URINARY TRACT INFECTIONS W/O MCC,"$13,538.64 "
693,URINARY STONES W/O ESW LITHOTRIPSY W MCC,"$24,320.16 "
694,URINARY STONES W/O ESW LITHOTRIPSY W/O MCC,"$13,874.37 "
695,KIDNEY & URINARY TRACT SIGNS & SYMPTOMS W MCC,"$19,942.50 "
696,KIDNEY & URINARY TRACT SIGNS & SYMPTOMS W/O MCC,"$11,863.56 "
698,OTHER KIDNEY & URINARY TRACT DIAGNOSES W MCC,"$27,058.56 "
699,OTHER KIDNEY & URINARY TRACT DIAGNOSES W CC,"$17,832.81 "
700,OTHER KIDNEY & URINARY TRACT DIAGNOSES W/O CC/MCC,"$13,231.95 "
713,TRANSURETHRAL PROSTATECTOMY W CC/MCC,"$24,267.36 "
722,"MALIGNANCY, MALE REPRODUCTIVE SYSTEM W MCC","$29,592.51 "
723,"MALIGNANCY, MALE REPRODUCTIVE SYSTEM W CC","$19,119.42 "
725,BENIGN PROSTATIC HYPERTROPHY W MCC,"$21,704.46 "
727,INFLAMMATION OF THE MALE REPRODUCTIVE SYSTEM W MCC,"$24,708.69 "
744,"D&C, CONIZATION, LAPAROSCOPY & TUBAL INTERRUPTION W CC/MCC","$28,958.58 "
760,MENSTRUAL & OTHER FEMALE REPRODUCTIVE SYSTEM DISORDERS W CC/MCC,"$14,630.91 "
802,OTHER O.R. PROC OF THE BLOOD & BLOOD FORMING ORGANS W MCC,"$55,448.01 "
808,MAJOR HEMATOL/IMMUN DIAG EXC SICKLE CELL CRISIS & COAGUL W MCC,"$36,272.40 "
811,RED BLOOD CELL DISORDERS W MCC,"$22,793.31 "
812,RED BLOOD CELL DISORDERS W/O MCC,"$15,043.29 "
813,COAGULATION DISORDERS,"$29,497.08 "
814,RETICULOENDOTHELIAL & IMMUNITY DISORDERS W MCC,"$29,906.01 "
823,LYMPHOMA & NON-ACUTE LEUKEMIA W OTHER PROC W MCC,"$73,488.75 "
835,ACUTE LEUKEMIA W/O MAJOR O.R. PROCEDURE W CC,"$36,021.84 "
840,LYMPHOMA & NON-ACUTE LEUKEMIA W MCC,"$52,472.76 "
853,INFECTIOUS & PARASITIC DISEASES W O.R. PROCEDURE W MCC,"$87,381.81 "
854,INFECTIOUS & PARASITIC DISEASES W O.R. PROCEDURE W CC,"$40,747.17 "
856,POSTOPERATIVE OR POST-TRAUMATIC INFECTIONS W O.R. PROC W MCC,"$75,852.27 "
862,POSTOPERATIVE & POST-TRAUMATIC INFECTIONS W MCC,"$31,230.09 "
863,POSTOPERATIVE & POST-TRAUMATIC INFECTIONS W/O MCC,"$17,163.18 "
864,FEVER,"$14,826.93 "
866,VIRAL ILLNESS W/O MCC,"$13,640.91 "
870,SEPTICEMIA OR SEVERE SEPSIS W MV >96 HOURS,"$103,769.67 "
871,SEPTICEMIA OR SEVERE SEPSIS W/O MV >96 HOURS W MCC,"$31,063.08 "
872,SEPTICEMIA OR SEVERE SEPSIS W/O MV >96 HOURS W/O MCC,"$17,970.90 "
880,ACUTE ADJUSTMENT REACTION & PSYCHOSOCIAL DYSFUNCTION,"$13,777.20 "
881,DEPRESSIVE NEUROSES,"$12,707.07 "
884,ORGANIC DISTURBANCES & INTELLECTUAL DISABILITY,"$21,031.35 "
885,PSYCHOSES,"$19,997.01 "
894,"ALCOHOL/DRUG ABUSE OR DEPENDENCE, LEFT AMA","$8,934.33 "
896,ALCOHOL/DRUG ABUSE OR DEPENDENCE W/O REHABILITATION THERAPY W MCC,"$27,873.09 "
897,ALCOHOL/DRUG ABUSE OR DEPENDENCE W/O REHABILITATION THERAPY W/O MCC,"$13,455.18 "
901,WOUND DEBRIDEMENTS FOR INJURIES W MCC,"$70,787.85 "
907,OTHER O.R. PROCEDURES FOR INJURIES W MCC,"$71,094.57 "
908,OTHER O.R. PROCEDURES FOR INJURIES W CC,"$34,513.77 "
913,TRAUMATIC INJURY W MCC,"$23,510.73 "
914,TRAUMATIC INJURY W/O MCC,"$14,146.98 "
915,ALLERGIC REACTIONS W MCC,"$27,568.11 "
916,ALLERGIC REACTIONS W/O MCC,"$10,227.69 "
917,POISONING & TOXIC EFFECTS OF DRUGS W MCC,"$23,890.74 "
918,POISONING & TOXIC EFFECTS OF DRUGS W/O MCC,"$12,783.78 "
919,COMPLICATIONS OF TREATMENT W MCC,"$29,832.75 "
920,COMPLICATIONS OF TREATMENT W CC,"$17,028.54 "
921,COMPLICATIONS OF TREATMENT W/O CC/MCC,"$12,086.82 "
922,"OTHER INJURY, POISONING & TOXIC EFFECT DIAG W MCC","$25,253.97 "
947,SIGNS & SYMPTOMS W MCC,"$20,003.82 "
948,SIGNS & SYMPTOMS W/O MCC,"$13,165.47 "
951,OTHER FACTORS INFLUENCING HEALTH STATUS,"$13,507.98 "
963,OTHER MULTIPLE SIGNIFICANT TRAUMA W MCC,"$45,642.90 "
974,HIV W MAJOR RELATED CONDITION W MCC,"$47,258.34 "
981,EXTENSIVE O.R. PROCEDURE UNRELATED TO PRINCIPAL DIAGNOSIS W MCC,"$73,441.02 "
982,EXTENSIVE O.R. PROCEDURE UNRELATED TO PRINCIPAL DIAGNOSIS W CC,"$42,326.85 "
987,NON-EXTENSIVE O.R. PROC UNRELATED TO PRINCIPAL DIAGNOSIS W MCC,"$55,146.39 "
989,NON-EXTENSIVE O.R. PROC UNRELATED TO PRINCIPAL DIAGNOSIS W/O CC/MCC,"$18,839.94 "
989,NON-EXTENSIVE O.R. PROC UNRELATED TO PRINCIPAL DIAGNOSIS W/O CC/MCC,"$18,001.53 "
